Sex,Height,EyeColor,FullMoonAbsence,GPA,WerewolfParents,Detentions,IsWerewolf,Homeroom
Male,71.79,Blue,5,2.82,0,1,True,10-A
Female,62.05,Blue,1,3.67,0,1,False,10-A
Male,70.14,Brown,1,3.79,0,0,False,10-A
Male,70.83,Green,0,2.62,0,0,False,10-A
Male,70.68,Brown,2,2.54,0,6,False,10-A
Female,62.94,Blue,0,3.31,0,0,False,10-A
Male,73.99,Green,4,3.48,0,3,True,10-A
Male,70.38,Grey,0,3.01,0,4,False,10-A
Male,69.86,Blue,0,3.53,0,1,True,10-A
Female,64.54,Brown,2,2.72,0,12,False,10-A
Male,70.29,Blue,0,2.13,0,1,False,10-A
Male,69.62,Brown,0,2.99,0,0,False,10-A
Male,69.81,Brown,2,3.08,1,15,False,10-A
Male,65.17,Brown,0,2.95,0,11,False,10-A
Female,63.91,Blue,0,2.62,0,0,False,10-A
Male,72.16,Brown,3,2.29,2,0,False,10-A
Female,68.08,Blue,5,2.94,0,0,True,10-A
Female,58.64,Grey,4,3.65,0,0,False,10-A
Female,64.02,Green,2,3.34,0,49,True,10-A
Male,69.09,Brown,3,3.77,0,2,False,10-A
Female,66.93,Brown,0,2.78,0,1,True,10-B
Male,67.45,Blue,0,2.48,0,14,False,10-B
Female,65.05,Green,0,3.44,0,1,False,10-B
Female,60.99,Brown,4,3.51,0,1,False,10-B
Female,65.7,Yellow,1,3.15,0,25,True,10-B
Female,58.67,Blue,0,2.09,0,10,False,10-B
Female,65.51,Blue,0,2.67,0,10,True,10-B
Female,63.95,Yellow,4,3.17,0,2,True,10-B
Female,66.75,Green,0,3.37,0,7,False,10-B
Female,62.35,Green,0,3.58,0,0,False,10-B
Male,70.94,Blue,3,3.25,0,2,True,10-B
Male,67.68,Blue,0,2.59,0,78,False,10-B
Female,69.22,Blue,0,3.24,0,0,False,10-B
Female,63.04,Brown,0,3.47,0,7,False,10-B
Female,69.5,Blue,0,3.34,0,2,False,10-B
Male,66.54,Brown,3,3.23,0,0,True,10-B
Female,65.45,Brown,0,3.01,0,6,False,10-B
Male,71.67,Brown,0,3.24,0,0,False,10-B
Male,69.25,Green,0,3.41,0,3,False,10-B
Male,72.2,Grey,0,3.33,0,0,False,10-B
Male,67.45,Blue,4,3.11,0,28,False,10-C
Male,73.23,Blue,4,3.87,0,0,False,10-C
Female,65.55,Brown,1,3.33,0,0,True,10-C
Female,61.9,Yellow,3,2.88,1,0,True,10-C
Female,65.93,Green,4,3.37,1,27,True,10-C
Female,71.35,Grey,1,2.47,0,5,True,10-C
Female,67.74,Green,0,2.61,0,5,False,10-C
Male,67.43,Brown,0,3.35,0,2,False,10-C
Female,66.85,Blue,0,3.44,0,2,False,10-C
Female,62.9,Grey,0,2.58,0,0,False,10-C
Male,64.97,Brown,1,2.99,0,2,False,10-C
Female,61.23,Blue,0,2.9,0,0,False,10-C
Male,65.99,Grey,0,2.38,0,58,False,10-C
Female,63.18,Brown,1,3.6,0,7,False,10-C
Male,70.06,Yellow,3,3.54,0,1,True,10-C
Female,65.27,Yellow,0,3.19,0,0,True,10-C
Female,71.6,Grey,4,2.86,0,7,True,10-C
Male,66.0,Brown,0,2.53,0,0,False,10-C
Male,71.95,Brown,0,3.91,0,0,False,10-C
Male,70.15,Brown,2,3.5,0,0,True,10-C
Male,68.85,Green,0,2.83,0,2,False,10-D
Male,71.02,Green,0,3.49,0,7,False,10-D
Male,65.63,Blue,4,3.15,0,1,False,10-D
Male,70.15,Brown,0,3.06,0,0,False,10-D
Male,69.5,Brown,5,3.41,0,1,False,10-D
Female,60.71,Green,1,2.77,0,6,False,10-D
Female,63.26,Grey,2,3.03,0,0,True,10-D
Male,76.37,Grey,1,3.26,0,0,False,10-D
Female,62.18,Green,6,2.67,1,28,False,10-D
Female,64.74,Yellow,0,3.21,0,32,True,10-D
Female,63.16,Grey,0,2.92,0,121,True,10-D
Female,66.5,Blue,0,2.74,0,8,False,10-D
Male,67.09,Blue,1,2.37,0,0,False,10-D
Female,64.66,Grey,0,2.2,0,0,False,10-D
Male,75.97,Green,2,3.11,0,1,True,10-D
Female,62.46,Brown,4,2.86,0,1,False,10-D
Female,64.4,Brown,3,2.97,0,33,True,10-D
Female,65.9,Brown,2,3.2,0,7,True,10-D
Male,67.34,Blue,0,2.35,0,5,False,10-D
Female,64.58,Brown,2,2.29,0,0,False,10-D
Male,69.61,Brown,0,3.18,0,17,False,11-A
Female,67.16,Blue,6,3.18,0,9,True,11-A
Male,73.64,Brown,4,2.99,0,0,False,11-A
Female,66.04,Green,1,2.25,1,12,False,11-A
Male,69.24,Blue,2,3.44,1,0,True,11-A
Male,67.84,Blue,3,3.84,0,0,False,11-A
Female,61.48,Brown,3,3.3,0,4,False,11-A
Male,70.0,Brown,0,2.74,0,4,False,11-A
Female,65.6,Blue,0,3.22,1,0,False,11-A
Female,67.69,Green,0,2.51,0,1,False,11-A
Female,62.09,Green,1,2.21,0,152,False,11-A
Female,68.18,Brown,4,3.2,0,4,True,11-A
Female,57.74,Blue,0,2.27,0,5,False,11-A
Female,62.25,Brown,0,3.05,0,0,False,11-A
Female,65.72,Yellow,0,3.43,0,0,True,11-A
Female,61.27,Grey,0,3.03,0,0,False,11-A
Female,61.19,Blue,2,3.06,0,0,False,11-A
Female,64.33,Green,1,2.59,0,0,True,11-A
Female,64.88,Green,0,3.48,0,0,False,11-A
Male,72.57,Green,0,2.86,0,2,False,11-A
Male,76.58,Blue,1,2.11,1,1,False,11-B
Female,57.64,Grey,0,2.93,0,8,False,11-B
Female,63.87,Green,1,3.69,0,0,True,11-B
Female,65.37,Blue,0,3.0,0,1,False,11-B
Female,55.76,Green,1,4.0,0,0,False,11-B
Female,64.38,Green,1,3.39,0,2,True,11-B
Female,62.42,Green,0,3.37,0,0,False,11-B
Female,71.09,Brown,6,2.55,1,59,True,11-B
Female,62.84,Brown,0,3.1,0,7,False,11-B
Male,72.33,Brown,0,3.05,0,2,False,11-B
Female,66.13,Blue,4,3.05,0,0,True,11-B
Male,70.52,Blue,8,3.44,0,3,False,11-B
Female,66.3,Grey,0,2.67,0,6,False,11-B
Female,64.65,Blue,1,2.66,0,0,False,11-B
Male,73.15,Green,0,2.62,0,2,False,11-B
Female,75.78,Brown,0,4.0,0,8,False,11-B
Male,68.5,Green,0,3.41,0,6,False,11-B
Female,70.73,Green,0,3.27,0,8,True,11-B
Female,63.14,Blue,0,2.54,0,13,False,11-B
Male,66.55,Brown,0,3.27,0,24,False,11-B
Female,63.86,Blue,2,3.13,0,1,False,11-C
Male,67.82,Blue,1,3.29,0,2,False,11-C
Female,62.29,Blue,1,2.64,0,7,False,11-C
Male,72.84,Grey,0,3.24,0,4,False,11-C
Male,69.57,Green,0,1.19,0,180,False,11-C
Female,66.25,Grey,1,2.82,0,0,False,11-C
Female,62.75,Blue,0,3.56,0,1,False,11-C
Male,71.24,Grey,0,2.43,0,0,False,11-C
Female,64.9,Yellow,1,3.48,0,0,True,11-C
Female,67.77,Brown,0,3.54,0,0,False,11-C
Female,64.25,Blue,0,2.71,0,5,True,11-C
Male,69.66,Brown,3,2.79,0,0,False,11-C
Male,69.75,Brown,0,3.04,0,5,False,11-C
Male,73.73,Brown,3,3.3,0,4,False,11-C
Male,68.71,Brown,3,3.12,0,0,False,11-C
Male,72.06,Green,0,3.42,0,0,True,11-C
Male,70.82,Blue,0,4.0,0,3,False,11-C
Male,69.56,Brown,6,2.89,0,6,False,11-C
Male,67.66,Green,4,2.22,0,12,False,11-C
Male,69.58,Green,0,3.51,0,10,False,11-C
Female,61.84,Grey,1,3.64,0,40,False,11-D
Male,68.19,Green,1,3.37,0,3,True,11-D
Female,65.83,Blue,3,2.49,1,17,True,11-D
Female,63.81,Brown,0,3.06,2,8,False,11-D
Female,64.28,Brown,0,2.49,0,15,False,11-D
Male,66.3,Brown,0,3.52,1,0,True,11-D
Male,67.32,Blue,1,2.11,0,41,False,11-D
Male,72.37,Yellow,0,3.03,0,2,True,11-D
Male,73.7,Brown,0,2.63,0,7,False,11-D
Female,66.96,Brown,0,3.26,0,0,False,11-D
Male,70.0,Brown,1,3.01,0,1,True,11-D
Male,75.67,Green,4,3.29,2,0,True,11-D
Male,67.54,Blue,3,3.21,0,0,True,11-D
Male,65.08,Blue,2,2.71,0,0,True,11-D
Male,72.21,Brown,4,3.43,0,8,True,11-D
Female,68.42,Blue,1,3.18,1,0,False,11-D
Male,65.94,Brown,3,2.7,0,1,False,11-D
Female,63.31,Blue,0,4.0,0,0,False,11-D
Male,69.73,Brown,0,3.41,0,3,False,11-D
Female,62.82,Green,0,3.12,0,0,False,11-D
Male,67.57,Green,1,3.91,0,0,True,12-A
Male,71.62,Green,2,4.0,0,2,False,12-A
Female,65.92,Blue,3,3.1,0,3,False,12-A
Female,63.43,Brown,2,3.37,0,0,False,12-A
Female,64.97,Brown,0,2.71,0,0,False,12-A
Male,65.79,Blue,3,3.13,0,0,False,12-A
Female,64.26,Blue,0,2.58,0,52,False,12-A
Male,68.38,Blue,4,3.28,2,1,True,12-A
Male,70.79,Grey,2,3.34,0,3,True,12-A
Female,61.45,Yellow,4,3.48,1,0,True,12-A
Female,67.62,Green,0,3.3,0,2,False,12-A
Male,70.06,Brown,3,2.59,0,0,False,12-A
Male,67.76,Green,0,2.73,0,0,True,12-A
Female,68.56,Brown,0,2.92,0,1,False,12-A
Female,61.15,Blue,0,3.05,0,1,False,12-A
Female,69.24,Brown,0,3.73,0,0,False,12-A
Male,70.03,Brown,1,2.58,0,4,False,12-A
Male,70.37,Green,4,1.48,0,154,False,12-A
Male,70.71,Blue,6,3.67,0,1,False,12-A
Male,70.34,Brown,1,3.02,0,3,False,12-A
Male,70.93,Brown,3,3.05,0,38,False,12-B
Male,74.59,Blue,3,3.04,2,9,True,12-B
Female,62.41,Grey,1,3.32,0,1,False,12-B
Male,71.13,Blue,0,3.04,1,5,False,12-B
Male,68.73,Grey,1,3.53,0,0,False,12-B
Male,73.32,Brown,2,2.41,0,2,False,12-B
Female,66.71,Green,1,3.02,0,0,True,12-B
Male,74.4,Green,0,3.35,0,0,False,12-B
Male,68.88,Blue,0,3.46,0,1,False,12-B
Female,67.66,Brown,4,3.95,0,0,True,12-B
Male,72.27,Green,0,2.96,0,4,True,12-B
Male,66.96,Blue,0,3.93,0,1,False,12-B
Male,71.52,Green,4,2.85,0,2,False,12-B
Male,67.04,Green,3,3.86,0,0,False,12-B
Male,67.66,Green,3,3.61,0,0,False,12-B
Female,65.75,Green,2,2.71,0,3,True,12-B
Female,70.6,Brown,3,2.52,0,83,True,12-B
Female,61.46,Blue,3,3.17,0,0,False,12-B
Male,64.25,Green,4,3.51,0,0,False,12-B
Male,72.29,Yellow,0,2.97,1,12,True,12-B
Male,71.36,Brown,0,3.05,0,0,False,12-C
Female,67.82,Blue,3,3.76,0,12,False,12-C
Male,66.1,Brown,0,3.13,0,2,False,12-C
Male,68.86,Brown,0,3.6,0,1,False,12-C
Female,61.44,Blue,0,3.08,2,1,True,12-C
Male,65.52,Blue,0,4.0,2,0,False,12-C
Female,63.63,Brown,0,2.85,0,1,False,12-C
Female,64.28,Green,5,2.76,0,13,False,12-C
Female,60.61,Green,0,3.91,0,5,False,12-C
Male,72.4,Yellow,2,2.94,0,4,True,12-C
Male,69.63,Brown,2,3.93,0,7,False,12-C
Male,65.34,Green,4,3.65,0,0,True,12-C
Male,68.26,Blue,2,3.09,0,3,False,12-C
Male,66.95,Brown,3,2.28,0,1,False,12-C
Male,66.0,Blue,0,3.12,0,7,False,12-C
Male,68.16,Green,0,3.24,0,1,False,12-C
Female,64.77,Brown,2,3.75,0,3,False,12-C
Male,70.92,Grey,0,3.86,0,13,False,12-C
Female,65.0,Green,0,2.85,0,1,False,12-C
Male,70.72,Green,1,3.6,0,0,False,12-C
Male,73.2,Green,2,3.56,0,2,False,12-D
Male,71.77,Brown,0,3.73,2,1,False,12-D
Female,63.98,Grey,4,3.41,0,4,True,12-D
Female,69.66,Brown,0,1.93,0,30,False,12-D
Female,65.67,Green,2,3.1,0,2,False,12-D
Female,59.99,Brown,2,2.61,0,1,False,12-D
Male,74.33,Brown,6,3.06,0,4,True,12-D
Female,59.36,Blue,3,3.69,0,0,False,12-D
Male,73.9,Brown,5,3.35,0,0,True,12-D
Male,69.44,Blue,5,3.58,1,19,True,12-D
Female,63.72,Blue,1,3.33,0,4,False,12-D
Female,67.98,Green,1,2.55,2,0,False,12-D
Female,62.26,Blue,4,1.94,0,0,True,12-D
Female,59.81,Brown,2,3.23,0,4,False,12-D
Female,64.41,Brown,2,3.03,0,6,True,12-D
Female,67.12,Blue,1,2.62,0,9,False,12-D
Female,59.44,Blue,0,2.35,0,0,False,12-D
Female,55.5,Green,0,2.61,0,22,False,12-D
Male,68.04,Brown,3,3.08,0,2,False,12-D
Female,65.66,Brown,1,3.49,0,4,False,12-D
Female,67.6,Brown,5,3.26,0,3,False,13-A
Male,69.03,Blue,0,4.0,2,0,True,13-A
Female,62.77,Brown,0,2.29,0,39,False,13-A
Male,75.43,Green,1,3.64,0,0,False,13-A
Male,74.18,Brown,3,3.22,0,0,False,13-A
Female,64.34,Blue,3,3.47,1,8,True,13-A
Male,69.11,Blue,1,2.95,0,3,False,13-A
Male,71.26,Brown,0,3.65,0,9,True,13-A
Male,70.84,Green,0,3.33,0,2,False,13-A
Male,65.93,Blue,1,2.85,0,1,False,13-A
Female,56.54,Blue,0,2.99,0,20,False,13-A
Male,66.74,Yellow,1,3.08,2,0,True,13-A
Female,65.36,Brown,2,3.33,0,11,False,13-A
Male,70.94,Green,0,2.61,0,0,False,13-A
Male,67.55,Blue,4,3.09,0,10,False,13-A
Male,77.04,Green,5,3.4,0,0,True,13-A
Male,68.54,Yellow,0,3.19,0,3,True,13-A
Female,64.51,Green,0,3.73,0,14,False,13-A
Female,64.04,Green,0,3.57,0,2,True,13-A
Male,72.14,Green,0,3.15,0,5,False,13-A
Male,74.05,Blue,2,3.23,0,8,False,13-B
Female,64.47,Blue,0,3.3,0,5,False,13-B
Male,74.27,Brown,3,3.2,2,20,True,13-B
Male,68.88,Brown,0,2.28,0,1,False,13-B
Male,68.48,Green,2,3.05,0,0,False,13-B
Female,60.51,Brown,1,2.46,0,0,True,13-B
Female,67.48,Brown,1,3.84,0,0,False,13-B
Female,62.99,Green,0,3.17,0,0,False,13-B
Male,73.43,Brown,0,3.08,0,2,False,13-B
Male,73.14,Brown,0,3.65,0,0,False,13-B
Female,62.37,Green,4,3.41,1,0,True,13-B
Female,61.87,Blue,1,2.64,0,0,False,13-B
Female,65.43,Grey,4,3.07,0,9,True,13-B
Female,61.65,Blue,1,3.0,0,3,False,13-B
Male,67.35,Blue,1,2.32,0,1,False,13-B
Female,61.43,Green,0,2.7,1,15,False,13-B
Male,68.92,Blue,0,3.11,0,0,False,13-B
Female,64.61,Blue,0,2.48,1,66,False,13-B
Male,70.63,Green,4,2.43,1,3,False,13-B
Female,62.81,Blue,2,3.78,2,0,False,13-B
Female,66.92,Blue,5,3.11,0,4,True,13-C
Female,63.0,Brown,2,3.16,1,6,False,13-C
Female,63.72,Blue,0,3.39,0,1,False,13-C
Male,63.78,Brown,1,2.7,0,11,False,13-C
Female,59.46,Blue,1,3.43,0,0,False,13-C
Male,67.66,Yellow,0,3.02,1,0,True,13-C
Male,65.12,Blue,0,2.75,0,0,False,13-C
Male,72.48,Brown,0,3.49,0,0,False,13-C
Male,67.6,Green,4,3.95,0,0,False,13-C
Female,66.08,Brown,0,3.37,0,19,False,13-C
Male,68.86,Green,3,3.66,0,0,False,13-C
Male,70.43,Blue,0,2.93,0,1,False,13-C
Male,69.23,Brown,0,2.38,0,2,False,13-C
Female,68.9,Grey,3,3.8,0,15,False,13-C
Female,61.8,Brown,2,2.43,0,180,False,13-C
Female,69.45,Grey,3,3.91,1,6,False,13-C
Female,66.33,Brown,2,2.56,0,47,False,13-C
Male,67.72,Brown,5,2.55,0,7,False,13-C
Male,73.5,Brown,2,2.28,0,39,False,13-C
Female,63.25,Brown,0,2.31,0,5,False,13-C
Male,67.95,Green,1,3.15,0,0,False,13-D
Male,67.95,Blue,3,3.99,0,1,False,13-D
Male,68.04,Green,0,3.1,0,3,False,13-D
Female,60.65,Brown,0,3.34,0,1,False,13-D
Female,63.44,Blue,0,3.89,0,0,False,13-D
Male,70.29,Blue,0,2.98,0,2,False,13-D
Female,63.83,Blue,1,3.99,0,23,False,13-D
Female,67.66,Blue,0,4.0,0,0,False,13-D
Female,58.15,Blue,1,3.07,0,6,False,13-D
Female,64.43,Brown,2,2.86,2,5,False,13-D
Female,58.55,Green,0,3.16,0,39,False,13-D
Male,68.89,Green,4,2.81,0,22,False,13-D
Female,63.72,Blue,0,2.56,0,6,False,13-D
Male,69.16,Brown,3,3.82,0,2,False,13-D
Male,71.2,Brown,2,3.81,0,0,False,13-D
Female,67.84,Brown,0,3.26,0,2,False,13-D
Male,71.8,Brown,8,2.51,0,6,True,13-D
Male,63.01,Brown,0,2.44,0,15,False,13-D
Male,71.75,Green,0,3.18,0,7,False,13-D
Female,65.74,Blue,0,2.95,0,0,False,13-D
Female,61.88,Blue,0,3.0,0,3,False,14-A
Male,62.68,Brown,2,3.7,1,1,True,14-A
Female,68.95,Grey,1,3.57,0,0,False,14-A
Female,67.21,Brown,0,3.89,0,0,False,14-A
Female,61.81,Green,2,2.7,0,0,False,14-A
Female,65.08,Grey,0,2.93,0,10,False,14-A
Male,70.84,Green,0,3.58,0,0,False,14-A
Male,65.84,Grey,0,3.42,0,0,False,14-A
Female,65.35,Blue,0,3.61,0,36,False,14-A
Female,58.39,Brown,1,3.4,0,1,False,14-A
Male,70.31,Brown,0,4.0,0,0,True,14-A
Male,73.04,Blue,3,3.47,0,0,True,14-A
Female,63.1,Brown,3,3.73,0,0,False,14-A
Male,71.9,Green,0,3.04,0,0,True,14-A
Female,65.17,Brown,3,3.21,0,0,False,14-A
Female,64.75,Green,0,3.63,0,3,False,14-A
Male,76.21,Brown,4,4.0,0,0,False,14-A
Male,70.65,Blue,2,3.55,0,1,True,14-A
Female,67.15,Grey,0,3.05,0,11,False,14-A
Female,68.97,Brown,2,3.88,0,1,False,14-A
Male,72.32,Green,0,1.92,0,18,False,14-B
Female,62.16,Green,0,2.47,0,2,False,14-B
Male,72.91,Brown,1,3.53,1,1,True,14-B
Female,62.93,Blue,0,3.15,0,6,False,14-B
Male,76.36,Blue,5,3.5,1,0,True,14-B
Male,67.34,Grey,0,3.23,1,0,True,14-B
Male,69.91,Blue,1,3.46,0,3,False,14-B
Female,67.95,Blue,2,2.77,0,2,False,14-B
Female,64.22,Green,1,3.42,0,7,False,14-B
Male,69.99,Brown,3,3.52,0,18,False,14-B
Female,63.73,Green,0,3.8,0,1,False,14-B
Male,72.81,Yellow,2,4.0,1,3,True,14-B
Male,76.16,Yellow,3,3.3,0,2,True,14-B
Female,70.83,Grey,3,2.64,0,70,True,14-B
Female,64.12,Blue,0,2.35,2,9,False,14-B
Male,74.04,Yellow,3,2.76,0,17,True,14-B
Female,66.85,Brown,0,3.1,0,0,False,14-B
Female,60.94,Blue,0,3.67,0,6,False,14-B
Male,70.79,Brown,0,2.89,0,0,False,14-B
Male,72.89,Yellow,5,3.6,0,0,True,14-B
Female,66.54,Green,0,2.93,0,27,False,14-C
Male,73.13,Green,1,3.11,0,0,False,14-C
Male,68.55,Brown,1,2.91,0,41,False,14-C
Female,62.19,Green,0,3.0,0,0,False,14-C
Male,68.48,Green,1,2.91,0,8,False,14-C
Male,69.05,Blue,1,2.35,0,0,False,14-C
Female,63.93,Brown,3,3.07,0,1,True,14-C
Female,63.88,Blue,0,2.96,0,0,True,14-C
Male,73.78,Brown,3,2.91,0,3,False,14-C
Male,68.74,Blue,1,3.4,0,1,True,14-C
Female,66.53,Brown,2,3.49,0,4,False,14-C
Female,64.59,Blue,4,3.32,0,0,True,14-C
Female,57.66,Brown,1,3.7,0,0,True,14-C
Female,62.88,Brown,2,3.49,0,0,False,14-C
Male,75.61,Brown,2,3.04,0,1,True,14-C
Female,59.11,Grey,0,2.89,0,8,False,14-C
Female,62.48,Blue,5,3.22,0,14,True,14-C
Male,75.76,Brown,0,3.49,0,0,False,14-C
Female,67.99,Blue,0,3.88,0,2,False,14-C
Male,68.03,Blue,0,3.74,0,6,False,14-C
Female,62.18,Grey,1,2.93,0,0,False,14-D
Female,65.37,Brown,0,3.14,0,1,False,14-D
Female,64.7,Brown,3,3.52,1,2,True,14-D
Male,66.19,Yellow,0,3.73,0,0,True,14-D
Male,74.59,Blue,1,3.67,0,0,True,14-D
Female,61.35,Brown,2,3.17,0,0,True,14-D
Male,73.15,Brown,4,2.54,0,3,False,14-D
Male,70.69,Brown,0,2.7,0,0,False,14-D
Male,70.78,Grey,3,3.34,0,0,False,14-D
Male,71.56,Brown,1,3.36,0,1,False,14-D
Male,71.28,Grey,0,2.65,0,0,False,14-D
Male,69.84,Grey,0,3.22,0,0,False,14-D
Female,61.96,Green,2,3.35,0,17,True,14-D
Female,66.33,Brown,2,2.62,0,0,False,14-D
Male,66.74,Brown,3,3.71,0,4,False,14-D
Female,61.74,Blue,1,3.0,0,1,False,14-D
Female,59.6,Blue,3,3.79,0,4,False,14-D
Female,62.5,Blue,0,2.9,0,3,False,14-D
Female,66.93,Blue,0,2.69,0,0,False,14-D
Male,65.69,Grey,0,2.87,0,10,False,14-D
Female,66.94,Blue,1,3.13,0,2,False,15-A
Female,65.57,Blue,0,2.93,0,8,False,15-A
Male,73.77,Yellow,4,3.08,0,1,True,15-A
Male,66.59,Brown,0,2.56,0,81,True,15-A
Female,61.66,Brown,1,3.05,0,6,False,15-A
Female,69.13,Brown,4,2.76,0,41,True,15-A
Female,60.41,Brown,0,2.33,0,2,False,15-A
Female,66.68,Blue,5,3.38,0,2,False,15-A
Female,66.68,Brown,0,3.1,0,6,False,15-A
Female,69.49,Blue,0,3.88,0,13,False,15-A
Male,71.12,Yellow,3,2.33,0,40,True,15-A
Female,66.14,Brown,1,2.29,0,1,False,15-A
Female,70.84,Blue,0,3.44,0,7,False,15-A
Male,71.78,Brown,4,3.37,0,0,True,15-A
Male,64.22,Brown,2,2.68,0,2,False,15-A
Male,70.32,Blue,1,2.44,0,0,False,15-A
Male,68.94,Grey,1,3.96,0,1,False,15-A
Female,58.35,Brown,0,3.69,0,22,False,15-A
Female,62.88,Brown,4,1.96,0,0,False,15-A
Female,67.89,Blue,0,2.94,0,3,True,15-A
Female,64.56,Brown,1,4.0,0,3,False,15-B
Female,67.14,Brown,2,2.96,1,0,True,15-B
Female,64.67,Blue,2,2.94,0,1,False,15-B
Male,70.63,Brown,0,3.04,0,2,False,15-B
Female,61.14,Blue,0,2.64,0,0,False,15-B
Male,69.12,Blue,1,2.28,0,7,False,15-B
Male,66.89,Blue,1,3.24,0,49,False,15-B
Female,68.36,Brown,5,2.28,0,0,True,15-B
Male,64.79,Grey,0,3.32,0,0,False,15-B
Female,67.5,Blue,5,3.63,0,1,True,15-B
Male,65.27,Green,5,2.41,0,6,False,15-B
Female,60.47,Brown,0,2.74,1,0,False,15-B
Male,68.88,Blue,0,3.81,0,0,True,15-B
Female,68.57,Brown,0,3.45,0,2,False,15-B
Female,68.51,Blue,2,2.56,0,33,True,15-B
Female,71.72,Brown,3,3.79,0,1,True,15-B
Female,61.3,Blue,1,3.79,0,1,True,15-B
Female,64.29,Yellow,5,2.88,0,45,True,15-B
Male,66.49,Blue,0,2.71,0,4,False,15-B
Male,76.96,Brown,0,2.94,1,5,True,15-B
Male,65.44,Blue,3,3.32,0,2,False,15-C
Female,66.27,Green,0,2.58,0,53,False,15-C
Male,70.9,Green,0,3.63,0,4,False,15-C
Female,66.09,Brown,7,2.29,2,15,False,15-C
Female,64.85,Green,0,2.41,0,4,False,15-C
Male,68.61,Brown,0,3.24,0,5,False,15-C
Male,69.13,Blue,0,2.95,1,0,False,15-C
Female,67.75,Blue,0,2.88,0,1,False,15-C
Male,71.89,Green,1,2.25,0,7,False,15-C
Female,63.88,Grey,2,3.21,0,0,False,15-C
Female,62.75,Grey,0,3.15,0,2,False,15-C
Female,57.92,Brown,4,3.53,1,0,False,15-C
Female,60.79,Grey,1,3.15,0,8,False,15-C
Female,69.73,Brown,2,3.13,0,0,False,15-C
Male,66.59,Brown,0,3.7,0,9,False,15-C
Male,77.07,Blue,5,2.51,0,3,True,15-C
Female,68.44,Blue,2,3.47,1,0,True,15-C
Female,60.24,Blue,1,2.34,0,2,False,15-C
Male,70.71,Blue,0,2.78,0,0,False,15-C
Male,73.89,Grey,0,2.58,0,1,False,15-C
Female,64.04,Brown,2,3.58,0,1,False,15-D
Male,68.39,Brown,0,3.17,0,0,False,15-D
Female,58.99,Grey,0,2.31,0,88,False,15-D
Male,68.4,Brown,1,2.65,0,0,True,15-D
Female,63.48,Blue,2,3.01,0,4,False,15-D
Male,65.33,Blue,0,2.81,0,1,False,15-D
Female,67.14,Blue,2,3.36,1,3,True,15-D
Male,66.69,Blue,1,2.69,0,1,False,15-D
Male,69.7,Brown,0,3.82,1,4,False,15-D
Female,60.76,Yellow,0,2.31,0,5,True,15-D
Male,69.99,Brown,1,2.76,0,4,False,15-D
Female,64.89,Blue,0,4.0,0,0,False,15-D
Male,63.02,Brown,3,2.94,2,4,False,15-D
Female,67.17,Blue,2,2.54,0,0,False,15-D
Male,72.68,Blue,2,3.31,0,0,False,15-D
Female,64.44,Grey,4,2.95,0,1,False,15-D
Male,75.93,Grey,2,2.77,1,1,True,15-D
Female,61.86,Blue,2,2.64,0,1,False,15-D
Male,66.88,Grey,0,4.0,0,4,False,15-D
Female,68.31,Blue,5,3.06,0,1,False,15-D
Female,63.29,Blue,4,2.23,0,1,False,16-A
Female,65.87,Green,2,3.95,0,0,True,16-A
Male,70.62,Blue,1,3.47,0,4,False,16-A
Female,67.52,Green,3,2.8,0,2,False,16-A
Male,69.51,Brown,0,2.72,0,1,False,16-A
Female,69.82,Blue,0,3.5,0,4,False,16-A
Male,71.33,Grey,4,3.06,0,2,True,16-A
Female,64.71,Yellow,2,2.23,0,1,True,16-A
Male,66.79,Green,1,4.0,0,2,False,16-A
Male,72.71,Blue,0,2.95,0,3,False,16-A
Female,63.35,Blue,0,3.91,0,4,False,16-A
Male,70.83,Brown,1,3.84,0,0,False,16-A
Male,65.72,Blue,2,2.7,0,0,False,16-A
Female,66.16,Grey,0,3.72,0,0,False,16-A
Male,74.55,Yellow,5,2.84,0,3,True,16-A
Male,71.94,Yellow,1,2.15,0,12,True,16-A
Male,75.96,Brown,0,2.98,0,1,False,16-A
Female,65.89,Yellow,2,3.4,0,0,True,16-A
Male,71.31,Yellow,2,2.91,0,6,True,16-A
Female,67.82,Blue,4,2.96,0,9,True,16-A
Male,71.2,Blue,1,3.64,1,13,True,16-B
Male,70.99,Grey,5,3.22,0,3,True,16-B
Male,71.12,Blue,4,2.67,0,11,False,16-B
Female,66.63,Grey,0,3.55,0,0,False,16-B
Male,66.64,Blue,3,3.3,2,0,False,16-B
Male,67.33,Green,0,1.94,0,0,True,16-B
Female,63.01,Green,3,3.36,0,5,False,16-B
Male,70.52,Blue,3,3.4,0,0,False,16-B
Female,62.12,Green,2,3.19,0,2,False,16-B
Female,65.71,Blue,2,3.63,0,2,True,16-B
Male,70.17,Blue,0,2.85,0,1,False,16-B
Female,56.54,Brown,0,3.25,0,12,False,16-B
Male,68.98,Brown,0,2.42,0,0,False,16-B
Female,65.01,Green,0,3.39,0,1,False,16-B
Female,60.38,Grey,1,4.0,0,6,False,16-B
Male,68.7,Brown,0,2.7,0,0,False,16-B
Female,69.03,Brown,0,2.78,0,4,False,16-B
Female,61.16,Brown,0,2.76,0,8,False,16-B
Female,63.01,Green,1,3.04,0,22,True,16-B
Female,67.41,Grey,3,2.55,0,12,False,16-B
Female,65.02,Blue,0,3.4,0,1,False,16-C
Male,73.94,Green,1,3.59,0,3,True,16-C
Female,64.65,Blue,0,3.47,0,0,False,16-C
Male,69.13,Brown,3,2.32,0,0,True,16-C
Female,67.3,Green,1,3.7,0,0,False,16-C
Male,68.97,Green,0,3.66,1,1,True,16-C
Male,69.08,Blue,3,3.5,0,12,False,16-C
Female,66.78,Yellow,5,3.38,0,1,True,16-C
Female,71.02,Grey,0,3.29,0,2,True,16-C
Female,64.0,Green,0,3.71,0,1,False,16-C
Male,68.92,Grey,0,4.0,0,1,False,16-C
Female,65.35,Grey,0,2.26,1,46,False,16-C
Male,73.17,Blue,1,3.74,0,0,False,16-C
Male,72.89,Brown,0,3.13,0,3,True,16-C
Male,69.03,Blue,0,3.13,0,1,False,16-C
Female,65.25,Green,4,2.43,0,0,False,16-C
Female,63.84,Brown,0,3.04,0,2,False,16-C
Male,70.09,Brown,5,2.62,0,8,True,16-C
Male,67.17,Brown,1,2.97,0,0,False,16-C
Female,70.96,Green,0,2.65,0,0,False,16-C
Male,69.17,Blue,2,2.98,0,0,False,16-D
Female,61.29,Brown,0,2.94,0,6,False,16-D
Male,71.45,Brown,1,3.2,0,5,True,16-D
Female,64.77,Green,1,2.37,0,2,False,16-D
Male,69.19,Brown,1,2.47,0,1,False,16-D
Female,65.43,Brown,2,3.24,0,14,False,16-D
Male,66.18,Blue,3,2.74,0,6,False,16-D
Female,64.46,Blue,3,3.66,1,8,True,16-D
Female,60.72,Brown,0,3.23,0,8,False,16-D
Male,70.8,Blue,0,3.47,0,3,False,16-D
Male,73.59,Brown,6,3.9,0,1,False,16-D
Female,61.36,Grey,4,2.94,0,11,True,16-D
Male,68.36,Brown,5,2.7,0,21,False,16-D
Female,65.72,Brown,3,3.64,0,0,False,16-D
Male,69.45,Green,1,3.45,0,0,False,16-D
Female,61.84,Green,3,2.76,0,35,True,16-D
Female,59.9,Brown,0,3.9,2,0,False,16-D
Female,63.55,Brown,0,2.97,0,12,False,16-D
Female,65.51,Green,1,3.21,0,1,False,16-D
Female,71.89,Grey,5,3.21,0,0,True,16-D
Female,66.12,Brown,0,2.73,0,0,False,17-A
Male,69.01,Blue,1,3.24,0,0,False,17-A
Male,71.58,Brown,4,3.9,0,0,True,17-A
Male,72.57,Blue,0,3.4,0,2,False,17-A
Female,61.11,Brown,0,3.18,2,4,False,17-A
Female,68.89,Brown,0,2.22,0,90,False,17-A
Female,63.15,Brown,0,3.36,0,1,False,17-A
Female,68.77,Blue,0,3.55,0,2,False,17-A
Male,64.9,Blue,0,3.48,0,2,False,17-A
Male,70.46,Blue,5,3.01,0,2,True,17-A
Female,62.44,Brown,0,3.34,0,2,False,17-A
Male,63.59,Brown,1,3.44,0,0,False,17-A
Male,72.83,Grey,1,2.7,0,0,True,17-A
Female,64.23,Brown,3,3.28,0,0,False,17-A
Male,67.27,Green,3,2.12,0,0,False,17-A
Female,63.5,Brown,2,3.4,0,4,False,17-A
Male,67.36,Blue,1,3.53,0,0,False,17-A
Female,59.28,Green,2,3.42,0,15,True,17-A
Female,66.59,Yellow,0,2.79,1,21,True,17-A
Female,63.04,Brown,6,2.79,1,56,True,17-A
Female,60.54,Brown,0,3.66,0,25,False,17-B
Male,70.74,Blue,2,3.91,0,0,False,17-B
Female,58.62,Grey,3,3.17,0,2,False,17-B
Female,59.93,Grey,0,3.27,0,0,False,17-B
Female,61.87,Blue,3,3.68,0,8,False,17-B
Male,68.52,Blue,2,2.31,0,14,False,17-B
Female,62.42,Blue,4,2.94,0,10,False,17-B
Male,66.2,Blue,0,3.86,0,1,False,17-B
Female,65.2,Blue,0,3.63,0,6,False,17-B
Male,69.26,Yellow,1,3.38,0,0,True,17-B
Male,68.48,Green,1,2.45,0,0,False,17-B
Female,60.41,Blue,1,3.12,0,6,False,17-B
Male,64.88,Blue,0,2.9,0,1,False,17-B
Female,69.42,Blue,0,1.57,0,180,False,17-B
Female,58.95,Blue,1,2.8,0,0,False,17-B
Female,60.93,Blue,4,2.58,0,11,False,17-B
Male,66.99,Brown,1,2.15,0,2,False,17-B
Male,73.11,Brown,4,3.72,0,9,True,17-B
Female,65.52,Blue,2,2.92,0,8,False,17-B
Female,61.82,Green,1,3.1,0,18,False,17-B
Male,72.86,Brown,4,3.2,0,0,True,17-C
Female,69.38,Blue,3,2.38,1,29,True,17-C
Female,66.3,Blue,2,2.57,0,0,True,17-C
Female,67.08,Brown,0,2.7,0,0,False,17-C
Male,71.23,Grey,0,2.83,0,1,False,17-C
Male,72.03,Yellow,3,3.29,1,9,True,17-C
Male,72.91,Brown,0,2.78,0,2,False,17-C
Female,64.23,Green,1,3.98,0,9,False,17-C
Female,68.04,Blue,3,3.66,0,5,True,17-C
Female,64.42,Grey,2,3.6,0,0,False,17-C
Male,70.38,Brown,3,2.85,0,29,False,17-C
Female,61.59,Brown,1,3.96,0,0,False,17-C
Female,63.78,Blue,0,2.94,0,15,False,17-C
Female,65.97,Yellow,2,3.17,0,1,True,17-C
Female,69.92,Brown,1,3.26,0,2,False,17-C
Male,69.55,Green,0,3.54,0,1,False,17-C
Male,64.96,Brown,3,3.52,0,0,False,17-C
Female,68.47,Grey,1,2.95,0,1,False,17-C
Male,73.77,Brown,3,2.93,1,0,True,17-C
Male,67.03,Grey,3,3.52,0,0,False,17-C
Female,65.47,Blue,0,3.56,1,0,False,17-D
Female,67.63,Blue,3,2.98,0,2,True,17-D
Male,72.56,Grey,0,2.34,0,7,False,17-D
Female,63.7,Grey,0,3.08,0,2,False,17-D
Male,71.99,Blue,0,3.37,0,14,False,17-D
Female,56.4,Brown,4,4.0,0,3,False,17-D
Male,64.73,Blue,0,2.56,0,4,False,17-D
Female,64.38,Blue,2,2.95,0,4,False,17-D
Male,68.03,Blue,0,3.0,0,1,False,17-D
Male,68.25,Blue,3,3.84,0,4,False,17-D
Male,72.98,Brown,3,3.18,0,0,False,17-D
Female,62.79,Green,1,2.64,0,11,False,17-D
Male,70.37,Green,0,3.42,0,6,False,17-D
Male,78.05,Brown,3,3.0,0,0,True,17-D
Female,62.35,Blue,5,2.53,0,6,False,17-D
Female,66.0,Green,0,2.75,0,0,True,17-D
Male,71.1,Green,4,4.0,0,0,True,17-D
Male,69.81,Brown,0,3.39,0,0,False,17-D
Female,61.96,Green,2,3.18,0,7,True,17-D
Female,62.4,Brown,0,3.02,0,6,False,17-D
Female,64.31,Blue,1,3.27,1,8,True,18-A
Female,63.77,Green,0,3.34,0,0,False,18-A
Female,67.86,Green,0,3.33,0,2,True,18-A
Male,66.48,Brown,3,3.22,0,4,False,18-A
Female,58.67,Blue,0,3.63,0,0,False,18-A
Male,63.1,Grey,2,3.18,0,3,False,18-A
Male,75.17,Brown,0,2.71,0,0,False,18-A
Male,65.69,Green,0,2.89,0,0,False,18-A
Female,65.33,Green,1,2.19,0,2,False,18-A
Male,69.4,Grey,0,4.0,0,4,True,18-A
Male,69.92,Brown,1,3.63,0,0,False,18-A
Female,68.04,Brown,0,2.78,0,0,False,18-A
Male,71.58,Grey,1,3.06,0,0,False,18-A
Male,67.25,Brown,0,2.88,0,0,False,18-A
Female,73.28,Brown,1,3.97,0,0,True,18-A
Male,69.85,Blue,1,2.48,0,1,False,18-A
Male,68.25,Brown,0,3.22,0,4,False,18-A
Male,73.82,Green,0,3.14,0,1,False,18-A
Female,62.43,Green,0,3.55,0,6,True,18-A
Female,64.88,Green,2,3.1,0,5,False,18-A
Female,66.26,Grey,6,2.32,0,0,True,18-B
Male,72.52,Brown,6,3.07,0,0,False,18-B
Male,69.54,Brown,1,2.58,0,13,False,18-B
Female,70.62,Grey,4,3.24,0,0,True,18-B
Male,72.7,Blue,0,3.92,2,0,True,18-B
Male,67.05,Grey,4,2.33,0,0,False,18-B
Female,63.67,Green,2,2.77,0,3,False,18-B
Female,61.59,Brown,0,2.89,0,3,False,18-B
Male,72.71,Green,3,2.08,0,93,False,18-B
Male,70.48,Brown,2,3.43,0,14,True,18-B
Male,69.93,Brown,0,3.1,0,1,False,18-B
Female,60.23,Green,1,3.4,0,1,False,18-B
Female,63.62,Green,0,2.89,0,0,False,18-B
Female,62.32,Blue,3,3.31,0,0,False,18-B
Female,55.21,Brown,0,3.59,0,0,False,18-B
Male,63.72,Brown,0,2.83,0,0,False,18-B
Female,67.27,Brown,0,3.59,0,0,False,18-B
Female,64.85,Blue,4,3.23,1,0,True,18-B
Female,64.06,Brown,0,3.71,0,1,False,18-B
Female,60.49,Blue,0,2.73,0,37,False,18-B
Female,69.09,Grey,0,3.37,0,2,False,18-C
Male,65.33,Brown,0,2.21,0,97,False,18-C
Male,68.37,Brown,0,3.14,0,1,False,18-C
Female,68.82,Yellow,0,3.32,0,1,True,18-C
Male,67.26,Green,5,3.46,0,1,False,18-C
Female,59.99,Grey,0,2.58,0,0,False,18-C
Female,65.03,Brown,2,3.92,0,0,True,18-C
Male,70.18,Brown,0,2.0,0,27,False,18-C
Male,65.41,Blue,0,1.94,0,92,False,18-C
Female,63.34,Blue,2,3.15,0,0,False,18-C
Female,66.6,Blue,4,3.41,0,0,True,18-C
Female,66.07,Green,2,3.98,0,1,True,18-C
Male,68.6,Brown,0,2.27,0,0,False,18-C
Female,60.82,Blue,3,2.94,0,1,False,18-C
Female,63.88,Green,2,2.14,0,0,True,18-C
Female,60.15,Blue,4,3.21,0,1,False,18-C
Male,68.64,Blue,0,3.34,0,0,False,18-C
Female,57.68,Blue,1,3.99,0,1,False,18-C
Female,67.46,Brown,4,3.26,0,0,False,18-C
Male,67.69,Brown,0,3.71,0,1,False,18-C
Female,66.19,Blue,2,2.73,0,76,True,18-D
Female,56.19,Brown,1,2.97,0,1,False,18-D
Male,74.18,Blue,0,2.38,0,12,False,18-D
Female,65.95,Yellow,2,3.24,0,10,True,18-D
Male,70.6,Blue,2,2.14,1,31,True,18-D
Male,71.8,Brown,0,3.78,0,7,False,18-D
Female,68.59,Grey,3,3.08,0,4,False,18-D
Female,68.33,Brown,3,3.69,0,11,True,18-D
Female,61.23,Brown,1,2.96,1,0,False,18-D
Female,59.21,Brown,2,3.32,0,1,False,18-D
Male,67.34,Green,0,2.21,1,109,False,18-D
Female,65.99,Brown,1,3.12,0,6,True,18-D
Male,69.24,Green,1,2.6,0,38,True,18-D
Female,65.56,Blue,2,3.33,0,7,True,18-D
Female,65.53,Brown,0,2.62,1,12,False,18-D
Female,69.81,Brown,0,2.56,0,4,False,18-D
Male,77.24,Grey,1,3.76,0,6,True,18-D
Female,63.86,Blue,5,3.54,0,2,False,18-D
Female,63.45,Brown,0,3.03,0,20,False,18-D
Female,62.93,Brown,0,3.94,0,9,False,18-D
Female,67.54,Blue,4,2.97,0,10,False,19-A
Male,69.73,Yellow,3,3.82,2,4,True,19-A
Female,64.14,Brown,2,3.28,0,1,False,19-A
Male,68.99,Blue,1,2.69,0,0,False,19-A
Male,68.49,Brown,0,3.89,0,23,False,19-A
Male,67.64,Brown,0,3.67,0,3,False,19-A
Male,71.09,Brown,1,3.14,0,0,False,19-A
Male,72.72,Grey,1,3.56,0,0,True,19-A
Male,71.27,Blue,1,2.91,1,9,True,19-A
Female,62.4,Green,0,3.52,0,9,False,19-A
Male,65.57,Green,4,1.92,0,8,False,19-A
Male,68.42,Green,5,2.66,0,3,False,19-A
Male,69.29,Brown,3,3.68,0,1,True,19-A
Female,61.01,Brown,1,3.07,2,1,True,19-A
Female,65.3,Grey,0,3.3,0,0,False,19-A
Male,68.63,Green,1,2.44,0,9,False,19-A
Female,63.99,Yellow,6,4.0,0,0,True,19-A
Male,70.89,Brown,0,3.77,0,3,False,19-A
Male,65.93,Brown,0,3.08,0,2,False,19-A
Female,57.35,Green,2,2.98,0,2,False,19-A
Male,72.66,Brown,2,3.5,0,21,False,19-B
Female,56.52,Blue,0,4.0,0,0,False,19-B
Female,63.6,Blue,3,3.62,0,6,True,19-B
Male,66.12,Brown,1,4.0,0,0,False,19-B
Male,67.88,Brown,0,2.74,0,0,False,19-B
Female,60.48,Brown,0,2.78,0,1,False,19-B
Male,74.65,Brown,3,2.61,0,0,False,19-B
Male,73.63,Blue,0,3.35,0,7,False,19-B
Male,69.56,Brown,0,3.27,1,2,True,19-B
Female,62.91,Brown,0,3.12,0,0,True,19-B
Female,71.26,Yellow,5,3.6,0,0,True,19-B
Male,63.69,Blue,2,3.79,0,3,False,19-B
Female,66.47,Blue,2,2.36,0,8,True,19-B
Female,62.51,Grey,1,2.89,0,1,True,19-B
Female,70.29,Grey,0,3.59,0,2,False,19-B
Female,72.15,Brown,0,2.9,1,7,True,19-B
Female,66.04,Blue,0,2.77,0,3,False,19-B
Male,67.4,Blue,0,3.71,0,0,False,19-B
Male,65.49,Brown,0,2.53,0,3,False,19-B
Male,60.38,Green,0,3.02,0,3,False,19-B
Female,64.99,Grey,2,3.31,0,5,False,19-C
Female,68.35,Grey,0,2.88,0,3,False,19-C
Male,73.98,Brown,2,3.14,0,45,False,19-C
Female,60.77,Brown,3,2.92,0,0,False,19-C
Male,67.19,Grey,3,3.6,0,30,False,19-C
Male,71.69,Blue,3,3.12,1,2,True,19-C
Male,69.14,Brown,2,3.5,0,4,True,19-C
Female,68.4,Green,0,3.57,0,0,False,19-C
Female,60.67,Brown,2,2.88,0,1,False,19-C
Male,72.68,Brown,4,2.11,0,6,False,19-C
Male,70.33,Yellow,3,3.33,0,5,True,19-C
Male,68.39,Brown,4,3.24,2,0,False,19-C
Male,66.37,Brown,0,3.46,0,2,False,19-C
Female,73.97,Brown,0,3.09,0,0,True,19-C
Female,58.48,Blue,2,1.18,0,180,False,19-C
Male,70.1,Brown,1,4.0,0,15,False,19-C
Male,71.74,Blue,3,2.46,0,0,False,19-C
Female,64.37,Blue,0,3.46,0,11,False,19-C
Female,65.77,Yellow,1,2.72,0,19,True,19-C
Male,68.19,Brown,0,3.02,0,1,False,19-C
Male,68.94,Green,0,2.99,0,5,False,19-D
Male,68.87,Brown,0,2.79,0,1,True,19-D
Female,57.43,Blue,2,3.45,0,4,False,19-D
Female,70.08,Blue,4,3.89,0,1,True,19-D
Female,66.88,Brown,1,3.43,0,1,False,19-D
Male,70.62,Green,0,3.24,0,1,True,19-D
Male,69.2,Brown,0,2.71,0,0,False,19-D
Female,67.22,Brown,0,3.37,0,9,False,19-D
Female,64.67,Brown,3,4.0,0,1,False,19-D
Male,67.41,Blue,0,3.0,0,1,False,19-D
Female,65.23,Brown,0,2.86,1,15,True,19-D
Female,67.94,Brown,1,2.9,0,2,False,19-D
Male,69.88,Brown,0,2.94,0,2,False,19-D
Female,66.51,Blue,5,1.5,2,33,True,19-D
Male,70.4,Blue,0,3.26,0,14,False,19-D
Male,68.89,Brown,0,2.78,0,0,False,19-D
Male,64.15,Brown,0,2.37,0,2,False,19-D
Male,72.49,Blue,0,3.1,0,48,False,19-D
Male,68.24,Grey,1,2.65,0,1,True,19-D
Male,66.57,Green,0,3.02,0,1,False,19-D
Male,69.6,Green,3,3.93,2,0,False,20-A
Female,67.99,Brown,2,2.5,0,0,False,20-A
Male,68.89,Yellow,2,2.38,1,5,True,20-A
Male,71.5,Blue,5,3.27,1,6,True,20-A
Female,64.21,Grey,2,3.32,0,45,False,20-A
Female,61.88,Brown,1,2.35,0,6,True,20-A
Female,61.91,Blue,0,3.4,0,0,False,20-A
Male,67.9,Brown,2,3.49,0,0,False,20-A
Female,67.72,Brown,1,1.32,0,85,False,20-A
Male,69.26,Green,1,3.59,0,1,False,20-A
Male,65.78,Green,0,3.63,0,1,False,20-A
Male,62.23,Yellow,4,2.88,0,16,True,20-A
Male,70.31,Blue,0,3.8,0,3,False,20-A
Female,59.56,Blue,0,3.77,0,0,False,20-A
Female,67.78,Brown,3,3.11,0,14,False,20-A
Male,65.97,Grey,0,1.35,0,162,False,20-A
Male,73.18,Blue,0,2.71,0,0,True,20-A
Male,75.17,Green,0,3.07,0,11,False,20-A
Female,67.19,Blue,4,3.47,1,1,True,20-A
Male,66.82,Blue,1,3.02,0,2,False,20-A
Male,70.48,Yellow,2,1.92,0,18,True,20-B
Female,61.84,Brown,0,3.32,0,51,False,20-B
Female,72.16,Brown,3,3.3,0,0,True,20-B
Male,66.6,Brown,0,3.01,2,0,False,20-B
Female,66.35,Green,1,3.63,0,0,False,20-B
Female,63.86,Brown,1,3.94,0,2,True,20-B
Male,69.37,Brown,0,1.8,0,0,False,20-B
Female,67.25,Brown,0,3.41,0,1,False,20-B
Male,69.97,Blue,0,2.49,0,0,False,20-B
Female,62.75,Blue,0,3.44,0,1,False,20-B
Male,68.12,Brown,1,3.26,0,0,False,20-B
Male,64.31,Grey,0,3.43,0,9,False,20-B
Male,71.65,Grey,0,2.95,0,0,False,20-B
Female,65.19,Brown,0,2.25,0,1,False,20-B
Male,68.46,Green,4,2.85,0,12,False,20-B
Female,66.2,Blue,0,3.35,0,5,False,20-B
Male,69.9,Brown,1,3.71,0,0,False,20-B
Male,66.74,Brown,3,2.61,0,0,False,20-B
Female,67.58,Blue,0,3.66,0,5,False,20-B
Male,74.49,Blue,3,2.87,0,1,True,20-B
Male,71.3,Brown,1,3.32,1,6,True,20-C
Female,65.05,Green,0,2.94,0,1,False,20-C
Male,71.76,Blue,0,3.28,0,1,False,20-C
Male,67.0,Blue,0,3.64,0,1,False,20-C
Male,74.62,Brown,6,2.53,0,6,False,20-C
Male,72.24,Blue,2,2.7,0,16,False,20-C
Female,61.5,Brown,3,3.29,1,0,False,20-C
Female,68.89,Blue,3,4.0,0,2,True,20-C
Male,69.2,Green,0,2.77,0,0,False,20-C
Female,62.1,Green,1,4.0,0,1,False,20-C
Male,72.2,Blue,4,4.0,0,13,True,20-C
Female,62.1,Blue,0,3.14,0,1,False,20-C
Male,67.07,Grey,2,2.83,0,22,False,20-C
Male,72.09,Blue,2,2.82,0,3,False,20-C
Male,68.0,Brown,4,2.94,0,23,False,20-C
Male,70.26,Green,1,2.44,0,6,True,20-C
Male,66.13,Brown,0,3.16,0,0,False,20-C
Male,70.27,Green,0,3.95,0,0,False,20-C
Female,63.63,Blue,3,2.88,0,1,False,20-C
Male,65.8,Brown,0,3.08,0,0,False,20-C
Female,62.51,Brown,0,2.33,0,2,False,20-D
Male,73.24,Brown,1,3.38,0,1,False,20-D
Female,61.03,Grey,0,3.0,0,33,False,20-D
Female,63.89,Brown,1,3.22,0,1,False,20-D
Female,61.57,Blue,2,3.02,0,7,False,20-D
Male,70.28,Grey,0,2.79,0,26,False,20-D
Male,68.44,Brown,0,3.32,0,13,False,20-D
Female,64.64,Blue,5,3.19,0,0,False,20-D
Male,72.56,Blue,0,3.34,0,2,False,20-D
Female,62.71,Blue,0,3.3,0,1,False,20-D
Male,70.74,Brown,3,3.75,0,1,False,20-D
Female,65.65,Brown,0,3.53,0,1,False,20-D
Female,65.33,Blue,0,3.21,0,9,False,20-D
Male,67.94,Grey,1,3.95,0,1,False,20-D
Female,64.45,Brown,3,3.39,0,2,False,20-D
Male,68.11,Brown,0,3.12,0,73,False,20-D
Female,64.02,Brown,4,3.5,0,0,False,20-D
Female,57.74,Green,0,2.26,0,2,False,20-D
Male,65.98,Brown,2,3.79,0,6,False,20-D
Male,74.2,Yellow,1,3.27,1,0,True,20-D
Male,72.95,Brown,3,3.14,0,3,False,21-A
Female,63.47,Yellow,3,3.34,0,0,True,21-A
Male,62.63,Blue,0,2.91,0,12,False,21-A
Female,64.94,Blue,2,3.3,0,1,False,21-A
Female,69.45,Blue,4,2.89,0,1,True,21-A
Male,68.93,Green,2,3.81,0,3,False,21-A
Male,68.47,Brown,0,3.14,1,0,True,21-A
Female,65.77,Brown,0,3.01,0,0,False,21-A
Female,63.57,Brown,0,2.73,0,1,False,21-A
Male,70.64,Green,0,3.32,0,1,False,21-A
Male,68.28,Green,2,3.27,0,2,False,21-A
Male,70.04,Blue,0,3.36,0,3,True,21-A
Male,67.82,Blue,1,2.67,0,2,False,21-A
Male,66.23,Brown,0,2.36,0,4,False,21-A
Female,63.81,Green,0,3.5,0,1,False,21-A
Female,64.22,Green,0,3.94,0,0,False,21-A
Female,66.43,Green,2,2.63,0,6,True,21-A
Female,66.34,Blue,0,3.89,1,10,True,21-A
Male,71.99,Grey,0,3.34,0,0,False,21-A
Male,67.71,Green,0,3.19,0,1,False,21-A
Male,71.86,Green,3,2.98,0,2,True,21-B
Female,62.82,Brown,0,2.49,0,2,False,21-B
Female,64.54,Blue,0,3.65,1,4,False,21-B
Male,72.12,Green,5,2.81,1,0,True,21-B
Male,65.46,Brown,2,2.76,0,5,False,21-B
Female,61.45,Brown,2,3.7,0,0,False,21-B
Female,71.46,Blue,0,2.25,0,1,False,21-B
Male,69.6,Blue,2,2.35,0,9,False,21-B
Male,69.85,Blue,0,3.18,0,1,False,21-B
Female,65.58,Brown,2,3.35,0,0,True,21-B
Male,70.76,Green,1,2.61,0,83,False,21-B
Male,67.58,Blue,0,2.91,0,14,False,21-B
Male,71.61,Brown,3,4.0,0,6,False,21-B
Female,68.77,Blue,2,3.08,0,1,True,21-B
Female,66.62,Green,2,3.08,0,0,False,21-B
Female,63.05,Green,3,2.54,2,26,False,21-B
Female,62.28,Brown,3,3.24,0,2,False,21-B
Female,65.0,Grey,0,3.41,0,10,False,21-B
Female,66.8,Brown,1,3.79,0,1,False,21-B
Female,63.33,Grey,2,2.45,0,1,False,21-B
Male,70.05,Brown,2,2.23,0,85,False,21-C
Male,70.47,Brown,0,3.4,0,2,False,21-C
Male,70.9,Blue,0,3.49,0,0,False,21-C
Male,72.33,Brown,2,3.2,0,0,False,21-C
Male,70.23,Blue,0,3.45,0,2,False,21-C
Male,68.28,Green,0,2.8,0,0,False,21-C
Male,71.02,Green,4,3.97,0,1,False,21-C
Female,68.06,Blue,0,3.69,0,1,False,21-C
Female,67.01,Blue,1,2.46,0,7,True,21-C
Male,66.08,Brown,0,2.65,0,1,False,21-C
Male,72.32,Brown,1,1.95,0,73,False,21-C
Female,60.05,Blue,0,3.54,0,0,False,21-C
Male,65.03,Brown,2,2.53,0,3,True,21-C
Male,73.86,Grey,3,3.03,1,0,True,21-C
Female,67.04,Blue,3,3.38,0,5,False,21-C
Male,68.73,Brown,2,1.37,0,180,False,21-C
Female,76.07,Blue,1,3.25,0,8,True,21-C
Male,69.57,Brown,3,2.65,0,2,False,21-C
Female,63.46,Blue,0,3.48,0,2,False,21-C
Female,63.68,Green,0,2.8,0,9,False,21-C
Female,68.89,Blue,2,2.8,1,24,True,21-D
Male,68.22,Brown,3,2.23,0,109,False,21-D
Female,59.09,Green,1,3.24,0,1,False,21-D
Male,70.85,Brown,1,1.96,0,125,False,21-D
Male,68.09,Grey,6,2.82,0,0,True,21-D
Male,73.77,Blue,0,3.05,1,0,True,21-D
Male,67.39,Blue,0,3.2,0,0,False,21-D
Female,67.21,Green,0,2.51,0,0,False,21-D
Female,60.4,Green,1,2.91,0,6,False,21-D
Male,74.51,Brown,1,3.29,0,10,False,21-D
Male,68.33,Brown,4,2.49,0,7,False,21-D
Female,61.52,Green,1,3.75,0,3,False,21-D
Male,71.57,Brown,2,3.81,0,2,True,21-D
Female,64.44,Blue,1,2.53,0,5,False,21-D
Male,73.23,Grey,3,3.87,1,1,True,21-D
Male,64.15,Blue,0,3.03,0,10,False,21-D
Female,62.63,Green,6,3.37,0,4,False,21-D
Male,65.8,Green,2,2.91,0,4,False,21-D
Female,62.89,Blue,1,3.64,0,2,False,21-D
Male,74.13,Green,2,3.27,0,13,False,21-D
Male,68.69,Blue,2,2.79,0,0,False,22-A
Male,70.12,Blue,2,2.61,0,1,True,22-A
Female,67.1,Blue,1,2.41,0,6,True,22-A
Male,72.49,Green,2,3.27,0,2,False,22-A
Male,66.22,Green,1,3.35,0,14,False,22-A
Male,72.02,Brown,1,3.52,0,1,True,22-A
Male,71.93,Brown,3,3.13,1,1,False,22-A
Female,66.76,Yellow,3,2.48,0,14,True,22-A
Female,68.29,Blue,2,2.85,0,1,False,22-A
Male,72.0,Brown,3,3.76,0,2,False,22-A
Female,62.24,Blue,1,2.95,0,1,False,22-A
Male,71.03,Grey,1,3.27,0,0,False,22-A
Male,69.85,Yellow,4,2.62,0,4,True,22-A
Male,63.51,Green,0,3.37,0,0,False,22-A
Female,61.92,Brown,1,2.84,0,13,False,22-A
Female,58.09,Green,1,3.65,0,7,False,22-A
Female,64.31,Blue,0,3.59,0,0,False,22-A
Female,70.13,Green,5,2.91,1,4,False,22-A
Female,66.69,Blue,0,3.11,0,3,True,22-A
Female,66.48,Brown,0,2.92,0,0,True,22-A
Female,64.97,Blue,3,2.49,0,0,False,22-B
Female,66.35,Brown,4,2.76,0,1,True,22-B
Female,63.19,Green,0,3.26,0,4,True,22-B
Male,65.61,Yellow,4,3.33,0,3,True,22-B
Female,64.68,Blue,3,3.25,0,2,False,22-B
Female,64.05,Green,0,2.99,0,6,False,22-B
Female,61.07,Blue,6,3.61,0,6,False,22-B
Female,69.99,Grey,0,3.2,0,3,True,22-B
Female,68.22,Yellow,4,3.48,0,7,True,22-B
Female,63.65,Green,5,2.3,0,1,True,22-B
Female,67.01,Blue,2,1.11,0,13,False,22-B
Female,64.55,Green,2,3.31,0,3,True,22-B
Female,61.65,Green,0,2.41,0,8,False,22-B
Female,61.72,Brown,1,3.07,0,2,False,22-B
Female,60.96,Yellow,4,3.05,0,0,True,22-B
Male,65.04,Grey,2,3.97,0,2,False,22-B
Male,67.16,Blue,3,3.39,0,1,False,22-B
Female,60.31,Green,0,3.24,0,4,False,22-B
Female,57.77,Green,0,3.6,0,2,False,22-B
Male,66.92,Blue,0,3.29,0,9,False,22-B
Female,65.05,Blue,2,2.93,0,4,True,22-C
Male,68.75,Green,3,3.7,0,4,False,22-C
Male,66.83,Blue,3,2.65,0,0,True,22-C
Male,71.28,Brown,6,2.56,0,80,False,22-C
Male,71.3,Yellow,3,2.33,0,10,True,22-C
Male,64.63,Blue,1,3.23,0,7,False,22-C
Female,64.95,Green,1,3.29,0,1,False,22-C
Male,66.74,Brown,0,4.0,0,2,False,22-C
Female,64.54,Brown,0,2.42,0,0,False,22-C
Female,67.91,Grey,3,2.88,0,2,False,22-C
Male,63.37,Brown,1,3.61,0,0,False,22-C
Male,69.35,Green,0,3.35,0,2,False,22-C
Female,64.77,Green,0,3.26,0,3,False,22-C
Male,71.01,Green,0,2.71,0,1,False,22-C
Male,69.64,Brown,1,2.88,0,2,False,22-C
Female,63.02,Blue,3,3.7,1,12,False,22-C
Female,63.51,Green,0,3.17,0,0,False,22-C
Male,66.61,Blue,0,3.32,0,7,False,22-C
Female,61.02,Blue,1,3.14,0,0,False,22-C
Male,69.06,Blue,0,2.61,0,0,False,22-C
Male,74.7,Brown,0,3.67,0,0,False,22-D
Male,68.82,Green,0,3.39,0,6,False,22-D
Female,60.35,Green,0,4.0,0,1,False,22-D
Female,64.48,Grey,1,2.57,0,12,False,22-D
Female,61.32,Blue,0,3.59,0,2,False,22-D
Female,65.54,Green,0,2.54,0,0,False,22-D
Female,65.07,Brown,3,3.23,0,5,True,22-D
Male,70.53,Blue,4,3.69,0,0,False,22-D
Male,64.26,Blue,4,2.09,0,7,False,22-D
Male,71.69,Grey,0,3.1,0,0,False,22-D
Male,70.22,Yellow,3,2.91,0,1,True,22-D
Female,68.1,Yellow,2,2.79,0,6,True,22-D
Male,73.84,Green,1,3.07,0,32,False,22-D
Female,64.29,Green,0,3.75,0,1,False,22-D
Male,68.19,Brown,1,3.04,0,9,False,22-D
Female,61.08,Yellow,3,3.3,0,0,True,22-D
Female,64.56,Green,1,3.18,0,8,True,22-D
Male,66.84,Brown,0,3.16,0,4,False,22-D
Male,68.37,Brown,0,2.66,0,0,False,22-D
Male,66.04,Blue,1,3.74,0,1,False,22-D
Male,68.61,Brown,2,3.35,0,0,False,23-A
Female,67.06,Blue,4,3.39,0,1,True,23-A
Male,68.33,Blue,0,2.8,0,0,False,23-A
Male,69.77,Yellow,3,2.94,1,3,True,23-A
Female,63.81,Yellow,4,1.31,0,180,True,23-A
Male,71.61,Blue,5,2.43,0,0,True,23-A
Male,65.73,Brown,0,2.34,0,2,False,23-A
Male,73.23,Brown,0,2.88,0,2,False,23-A
Male,68.7,Brown,1,3.28,0,18,False,23-A
Male,69.06,Brown,0,2.85,0,2,False,23-A
Female,65.39,Yellow,2,2.67,0,2,True,23-A
Male,71.76,Green,4,2.78,0,1,True,23-A
Male,71.86,Brown,2,2.97,0,0,False,23-A
Male,69.86,Brown,0,3.02,0,0,False,23-A
Male,67.16,Blue,1,4.0,0,1,False,23-A
Male,70.08,Blue,0,3.73,0,0,False,23-A
Female,67.71,Brown,2,3.69,0,2,False,23-A
Male,69.33,Grey,0,3.77,0,1,False,23-A
Female,61.1,Brown,0,2.68,0,2,False,23-A
Female,63.07,Brown,0,2.59,0,0,False,23-A
Male,70.91,Brown,2,2.43,1,22,True,23-B
Male,64.88,Green,1,3.72,0,15,True,23-B
Male,67.35,Brown,2,2.93,0,0,False,23-B
Male,69.28,Brown,0,2.56,0,1,False,23-B
Female,71.31,Blue,5,2.95,0,3,True,23-B
Male,65.92,Blue,3,3.08,0,0,False,23-B
Male,72.8,Brown,0,3.32,0,1,False,23-B
Male,66.4,Brown,1,3.33,0,0,False,23-B
Male,71.91,Blue,0,2.61,0,18,False,23-B
Male,70.28,Brown,0,3.44,0,10,False,23-B
Male,69.3,Blue,6,2.85,1,3,True,23-B
Female,65.48,Brown,0,3.1,0,2,False,23-B
Female,67.89,Brown,1,3.32,0,22,False,23-B
Male,71.76,Blue,2,2.66,0,22,False,23-B
Male,72.0,Brown,0,2.47,0,45,False,23-B
Male,68.21,Brown,1,3.5,0,0,True,23-B
Female,59.81,Blue,0,2.77,0,0,False,23-B
Male,68.25,Grey,0,2.97,0,4,False,23-B
Female,61.83,Green,0,3.46,0,2,False,23-B
Male,69.78,Green,2,4.0,0,0,False,23-B
Male,68.6,Green,5,3.5,0,0,False,23-C
Male,71.43,Grey,1,3.3,0,14,False,23-C
Male,71.38,Green,0,3.35,1,12,False,23-C
Female,63.35,Blue,0,2.65,0,1,False,23-C
Female,62.88,Brown,0,3.12,0,14,False,23-C
Male,64.01,Brown,0,3.16,0,3,False,23-C
Male,72.1,Blue,2,3.28,0,8,False,23-C
Female,68.96,Grey,2,3.25,0,1,False,23-C
Female,66.21,Blue,0,3.39,0,0,True,23-C
Female,68.92,Grey,4,3.03,0,1,True,23-C
Female,61.63,Blue,5,3.22,0,1,True,23-C
Male,68.36,Blue,4,2.57,0,2,False,23-C
Female,63.01,Blue,8,3.04,1,0,True,23-C
Male,71.34,Blue,0,2.59,0,131,False,23-C
Female,64.54,Blue,8,3.36,0,0,True,23-C
Female,69.21,Grey,2,3.19,0,0,True,23-C
Female,66.85,Green,0,4.0,0,2,False,23-C
Female,64.73,Green,1,2.5,0,2,False,23-C
Female,61.11,Brown,1,2.64,1,1,True,23-C
Male,66.58,Green,1,4.0,0,6,False,23-C
Male,71.89,Brown,0,3.2,0,2,False,23-D
Female,64.53,Brown,0,3.05,0,3,False,23-D
Female,58.47,Green,3,2.55,0,5,False,23-D
Male,67.22,Brown,0,3.42,0,0,False,23-D
Female,63.81,Brown,1,3.45,0,2,False,23-D
Female,68.57,Blue,3,2.52,0,13,True,23-D
Male,66.57,Green,3,3.13,0,0,False,23-D
Female,63.51,Brown,0,3.02,0,1,False,23-D
Female,64.43,Blue,2,3.12,0,21,False,23-D
Male,68.96,Blue,0,2.63,0,1,False,23-D
Male,70.64,Green,1,3.82,0,1,False,23-D
Male,69.02,Green,3,2.96,0,70,False,23-D
Female,61.6,Blue,0,3.02,0,0,False,23-D
Male,68.67,Brown,0,3.09,0,0,False,23-D
Male,71.08,Brown,0,3.02,0,11,True,23-D
Male,67.89,Blue,0,2.69,0,12,False,23-D
Male,69.56,Green,5,2.96,0,2,True,23-D
Male,73.8,Brown,0,3.04,0,2,False,23-D
Male,70.68,Brown,0,3.92,0,9,False,23-D
Female,67.8,Grey,1,3.62,0,5,True,23-D
Female,62.33,Blue,0,3.67,0,0,False,24-A
Male,68.0,Green,0,3.38,0,0,False,24-A
Male,72.52,Green,1,2.62,0,2,False,24-A
Male,70.11,Green,0,3.07,0,11,False,24-A
Female,68.84,Blue,3,3.54,0,15,False,24-A
Female,64.96,Blue,2,2.24,0,33,True,24-A
Female,67.98,Grey,1,3.39,0,13,False,24-A
Female,59.78,Blue,0,4.0,0,3,False,24-A
Female,65.76,Brown,2,3.72,0,1,False,24-A
Female,63.46,Brown,4,3.85,1,6,True,24-A
Female,62.13,Green,3,3.26,2,5,True,24-A
Female,64.66,Grey,2,3.66,0,2,False,24-A
Female,67.03,Brown,0,2.84,0,0,False,24-A
Male,70.5,Brown,2,3.39,0,21,False,24-A
Male,63.6,Green,0,3.52,0,1,False,24-A
Male,67.37,Grey,1,3.33,0,1,False,24-A
Male,66.64,Brown,0,3.83,0,3,False,24-A
Female,66.83,Blue,1,2.89,0,4,True,24-A
Female,66.85,Blue,0,3.11,0,0,False,24-A
Male,69.15,Blue,3,3.16,0,9,True,24-A
Female,69.57,Green,3,2.69,0,0,False,24-B
Male,71.24,Brown,3,3.31,0,0,False,24-B
Female,65.4,Brown,0,2.33,1,1,True,24-B
Male,69.72,Brown,3,3.67,1,5,False,24-B
Female,63.21,Brown,0,2.81,0,41,False,24-B
Female,62.99,Brown,2,2.86,0,8,False,24-B
Male,61.41,Brown,0,2.53,0,25,False,24-B
Female,67.59,Grey,3,3.08,0,0,True,24-B
Male,72.3,Brown,1,3.54,0,0,False,24-B
Male,74.88,Grey,0,3.45,0,2,False,24-B
Male,65.31,Brown,2,2.85,0,0,False,24-B
Male,70.49,Blue,3,2.69,0,9,False,24-B
Female,68.83,Brown,2,3.49,0,4,True,24-B
Female,66.28,Brown,3,2.37,0,47,False,24-B
Female,67.14,Green,2,3.23,0,0,True,24-B
Male,66.83,Green,4,3.24,1,2,True,24-B
Female,70.48,Grey,0,3.34,0,2,True,24-B
Male,70.4,Green,5,3.63,0,0,False,24-B
Female,62.95,Blue,3,2.54,0,3,False,24-B
Female,61.68,Blue,0,2.23,0,1,False,24-B
Female,65.14,Green,0,2.91,0,1,False,24-C
Male,67.83,Blue,1,4.0,0,1,False,24-C
Female,64.33,Yellow,0,4.0,0,0,True,24-C
Female,58.18,Yellow,3,4.0,0,2,True,24-C
Male,70.86,Brown,1,3.09,0,1,False,24-C
Female,66.74,Brown,0,2.31,0,0,False,24-C
Male,70.13,Blue,3,2.02,0,1,False,24-C
Female,65.28,Green,2,2.89,0,0,False,24-C
Male,72.38,Blue,2,3.09,0,1,False,24-C
Male,68.85,Green,1,3.85,0,0,False,24-C
Female,65.55,Brown,0,3.61,0,2,False,24-C
Male,74.92,Brown,4,3.27,0,4,True,24-C
Male,66.28,Brown,0,2.73,0,3,False,24-C
Male,67.04,Blue,0,2.64,0,8,False,24-C
Male,69.6,Green,5,3.32,1,1,True,24-C
Male,73.12,Brown,5,3.53,0,2,False,24-C
Male,64.65,Green,2,3.32,0,8,True,24-C
Female,63.28,Brown,5,2.67,0,1,False,24-C
Male,72.17,Brown,1,3.49,0,4,False,24-C
Male,69.67,Green,0,3.4,1,1,False,24-C
Female,63.52,Blue,1,2.65,0,1,True,24-D
Female,69.67,Blue,4,2.75,0,6,False,24-D
Female,64.15,Green,0,3.54,0,0,False,24-D
Female,67.74,Yellow,4,3.07,1,1,True,24-D
Female,64.98,Brown,1,3.99,0,0,True,24-D
Female,65.09,Blue,0,3.44,0,1,False,24-D
Female,67.48,Grey,4,2.96,0,0,True,24-D
Male,71.28,Grey,2,3.17,0,2,True,24-D
Male,68.42,Green,0,3.16,0,7,False,24-D
Female,67.87,Brown,3,2.77,2,7,False,24-D
Male,73.39,Brown,6,2.73,0,1,True,24-D
Male,60.18,Blue,2,2.5,0,105,False,24-D
Male,70.97,Green,0,3.59,0,3,False,24-D
Female,64.26,Brown,0,3.49,0,1,False,24-D
Female,67.41,Brown,2,3.87,0,9,True,24-D
Male,67.83,Green,1,2.88,0,5,False,24-D
Female,65.52,Brown,0,3.98,0,6,False,24-D
Male,71.84,Brown,2,2.75,0,0,False,24-D
Male,68.92,Brown,2,2.68,1,1,True,24-D
Male,70.22,Brown,0,2.21,0,11,False,24-D
Male,67.71,Green,0,2.96,0,2,True,25-A
Female,68.92,Brown,0,2.91,0,4,False,25-A
Female,73.46,Brown,0,3.43,0,3,False,25-A
Female,60.63,Brown,4,3.22,0,10,False,25-A
Male,74.77,Brown,3,2.6,0,0,True,25-A
Female,57.75,Blue,0,2.98,0,2,False,25-A
Male,71.18,Brown,1,3.01,0,0,False,25-A
Female,62.36,Blue,0,2.27,0,4,False,25-A
Male,67.08,Brown,1,2.66,0,5,False,25-A
Male,70.3,Brown,2,2.81,0,0,False,25-A
Male,71.4,Brown,3,3.88,0,4,False,25-A
Female,62.59,Brown,0,3.29,0,1,False,25-A
Female,58.07,Blue,4,3.53,0,0,False,25-A
Female,68.63,Blue,4,2.44,0,1,True,25-A
Female,57.8,Green,0,3.8,0,0,False,25-A
Male,74.42,Brown,7,3.84,0,1,True,25-A
Female,57.77,Brown,1,2.19,0,1,False,25-A
Female,63.04,Brown,0,2.8,0,5,False,25-A
Male,68.51,Green,4,3.39,0,6,False,25-A
Male,66.77,Brown,5,3.49,0,3,False,25-A
Male,66.97,Blue,0,2.86,0,0,False,25-B
Female,63.91,Brown,0,2.83,0,22,False,25-B
Male,66.62,Brown,0,2.86,0,4,False,25-B
Male,68.08,Grey,2,3.26,0,0,False,25-B
Male,63.32,Blue,3,3.72,0,8,False,25-B
Female,65.78,Green,2,2.81,0,0,False,25-B
Male,69.0,Blue,1,3.68,0,2,False,25-B
Female,63.44,Blue,5,2.8,0,1,True,25-B
Female,62.54,Brown,0,2.77,0,1,False,25-B
Male,71.81,Blue,3,3.47,0,14,False,25-B
Male,66.27,Brown,2,3.65,0,1,True,25-B
Female,59.78,Blue,1,3.63,0,0,False,25-B
Male,66.69,Blue,0,2.26,0,28,False,25-B
Male,66.18,Green,0,2.78,2,19,False,25-B
Female,66.12,Green,2,3.57,1,4,True,25-B
Female,62.26,Blue,3,3.21,0,1,False,25-B
Male,68.21,Brown,0,2.66,0,0,False,25-B
Female,66.09,Brown,0,3.36,0,7,False,25-B
Male,70.91,Brown,5,2.84,0,0,False,25-B
Male,65.28,Green,2,4.0,0,0,False,25-B
Male,69.18,Grey,0,3.95,0,2,False,25-C
Female,62.05,Brown,1,3.5,1,0,True,25-C
Male,73.08,Brown,0,3.88,0,0,False,25-C
Male,65.07,Blue,0,3.22,0,1,False,25-C
Male,59.94,Green,0,3.58,0,0,False,25-C
Female,63.05,Blue,0,3.94,0,0,False,25-C
Female,64.31,Brown,0,3.32,1,0,True,25-C
Female,63.22,Grey,1,3.07,0,0,False,25-C
Female,68.8,Green,0,2.3,0,5,False,25-C
Female,66.41,Brown,1,3.08,0,8,False,25-C
Male,71.42,Grey,0,3.6,0,1,False,25-C
Female,59.75,Blue,4,3.65,0,2,False,25-C
Female,60.55,Brown,3,3.45,0,0,False,25-C
Female,57.16,Blue,4,2.93,1,0,True,25-C
Male,73.59,Yellow,2,2.21,0,0,True,25-C
Female,66.87,Blue,4,2.93,0,2,False,25-C
Female,68.1,Brown,0,3.0,0,5,True,25-C
Male,68.75,Yellow,0,3.01,0,3,True,25-C
Female,63.93,Brown,0,3.5,0,1,False,25-C
Male,63.69,Green,5,4.0,0,0,False,25-C
Male,66.92,Blue,0,3.19,0,7,False,25-D
Male,67.77,Brown,0,3.08,0,1,False,25-D
Male,67.43,Brown,0,3.02,0,5,False,25-D
Male,69.46,Green,2,3.24,0,2,False,25-D
Female,66.8,Blue,2,2.74,0,5,False,25-D
Male,72.36,Blue,2,3.09,0,17,False,25-D
Male,69.0,Blue,0,3.24,0,19,False,25-D
Female,72.44,Green,0,3.28,0,2,False,25-D
Male,68.02,Blue,0,3.41,0,2,False,25-D
Female,65.18,Brown,1,3.42,0,0,False,25-D
Female,61.79,Brown,0,2.08,0,23,False,25-D
Female,64.54,Green,0,3.51,0,1,False,25-D
Male,68.96,Blue,1,2.86,0,0,True,25-D
Male,68.09,Brown,0,2.64,0,1,False,25-D
Male,67.25,Yellow,1,2.65,0,0,True,25-D
Female,64.62,Green,1,3.4,0,2,False,25-D
Male,67.57,Brown,1,3.07,0,2,False,25-D
Male,71.62,Grey,0,2.35,0,1,False,25-D
Male,69.79,Blue,1,3.44,0,0,False,25-D
Female,63.29,Brown,0,2.22,1,26,False,25-D
Female,66.25,Brown,1,3.21,0,6,False,26-A
Male,71.07,Green,3,3.23,0,9,True,26-A
Male,70.17,Green,0,3.63,0,1,False,26-A
Male,68.69,Brown,2,4.0,0,6,False,26-A
Male,72.01,Brown,1,2.5,0,2,True,26-A
Female,62.1,Brown,1,3.17,0,0,False,26-A
Female,66.27,Green,5,3.06,0,0,True,26-A
Female,64.89,Brown,2,3.41,0,1,False,26-A
Female,60.43,Brown,1,3.31,0,0,False,26-A
Male,71.78,Blue,0,1.22,0,180,False,26-A
Male,71.9,Green,2,2.98,0,0,False,26-A
Male,72.71,Blue,2,2.63,0,1,False,26-A
Female,59.39,Brown,0,3.68,0,1,False,26-A
Male,71.94,Blue,1,3.43,0,0,True,26-A
Female,62.66,Brown,0,3.64,0,2,False,26-A
Female,66.07,Yellow,3,3.04,0,0,True,26-A
Male,70.85,Green,0,2.8,0,7,False,26-A
Male,72.61,Brown,3,2.65,0,1,False,26-A
Male,68.58,Brown,1,3.35,0,3,False,26-A
Female,63.08,Blue,3,2.63,1,5,False,26-A
Male,69.0,Blue,0,3.98,1,14,False,26-B
Female,61.91,Blue,3,2.46,0,9,False,26-B
Male,67.4,Yellow,1,3.31,0,3,True,26-B
Female,60.45,Grey,4,3.97,0,1,True,26-B
Female,67.93,Blue,0,3.48,0,2,False,26-B
Male,65.34,Green,1,3.23,0,6,False,26-B
Female,66.58,Green,0,2.59,0,13,False,26-B
Female,64.24,Green,0,2.51,0,0,False,26-B
Male,67.64,Grey,1,3.58,0,1,False,26-B
Female,62.84,Brown,0,3.89,0,6,False,26-B
Male,69.98,Brown,0,2.97,0,1,False,26-B
Female,70.43,Yellow,4,2.62,0,1,True,26-B
Male,72.91,Grey,2,1.96,0,1,True,26-B
Male,65.58,Grey,0,2.68,0,3,False,26-B
Female,67.7,Brown,1,1.34,0,180,False,26-B
Female,60.9,Blue,6,3.98,0,2,False,26-B
Female,67.33,Brown,5,3.54,0,0,True,26-B
Female,62.23,Blue,3,3.35,0,0,False,26-B
Female,63.6,Brown,1,3.0,0,0,False,26-B
Male,73.21,Brown,3,2.89,0,2,True,26-B
Female,61.33,Brown,0,3.88,2,2,True,26-C
Male,66.29,Blue,0,3.3,0,0,False,26-C
Male,66.39,Brown,0,2.11,0,4,False,26-C
Female,66.66,Brown,0,2.81,1,5,False,26-C
Male,65.43,Brown,0,2.77,0,0,False,26-C
Male,73.93,Brown,0,2.92,0,1,False,26-C
Male,66.3,Grey,0,2.27,0,121,False,26-C
Male,70.92,Brown,2,3.14,0,1,False,26-C
Female,65.79,Blue,5,3.1,0,6,True,26-C
Male,70.81,Green,1,3.85,0,1,False,26-C
Female,67.44,Blue,0,2.78,0,7,False,26-C
Female,61.67,Green,0,4.0,0,6,False,26-C
Male,69.12,Blue,0,2.82,0,4,False,26-C
Female,59.41,Grey,0,3.13,0,11,False,26-C
Female,70.91,Brown,1,2.81,0,25,True,26-C
Female,64.49,Yellow,2,3.23,0,3,True,26-C
Male,70.85,Yellow,0,3.42,0,0,True,26-C
Female,58.33,Blue,1,3.41,0,1,False,26-C
Female,62.64,Blue,0,2.76,0,6,False,26-C
Female,62.83,Green,2,2.61,1,3,True,26-C
Male,76.24,Brown,3,4.0,0,0,False,26-D
Female,63.59,Brown,0,2.96,0,0,False,26-D
Male,68.94,Grey,1,3.51,0,4,False,26-D
Male,68.21,Blue,0,2.4,0,0,False,26-D
Male,69.07,Brown,0,3.04,0,2,False,26-D
Male,70.64,Green,2,3.08,0,6,False,26-D
Male,65.46,Blue,2,3.42,0,2,False,26-D
Male,72.34,Brown,0,1.84,0,0,False,26-D
Female,63.51,Grey,2,3.28,1,0,True,26-D
Male,71.15,Green,1,2.63,0,0,False,26-D
Female,63.27,Brown,0,3.36,0,0,False,26-D
Female,64.01,Grey,2,2.66,0,2,False,26-D
Male,71.02,Brown,1,2.75,0,2,False,26-D
Female,67.82,Blue,4,3.06,0,0,False,26-D
Female,63.67,Brown,0,2.67,0,0,False,26-D
Female,62.84,Blue,0,2.96,0,0,False,26-D
Female,63.83,Brown,0,1.8,0,80,False,26-D
Male,75.48,Blue,4,2.27,0,1,True,26-D
Female,66.67,Green,0,3.59,0,12,False,26-D
Male,64.6,Brown,1,2.45,0,10,False,26-D
Female,67.73,Grey,1,3.09,0,2,True,27-A
Female,68.92,Blue,0,3.53,0,5,False,27-A
Male,69.52,Grey,0,2.89,0,0,False,27-A
Female,64.93,Blue,0,2.75,0,4,False,27-A
Female,59.44,Brown,3,3.31,0,0,False,27-A
Female,56.11,Brown,0,3.67,0,9,False,27-A
Male,64.2,Green,2,2.62,0,0,False,27-A
Female,65.65,Yellow,6,3.06,0,6,True,27-A
Male,68.69,Brown,1,2.33,0,0,False,27-A
Female,66.98,Green,1,2.87,0,13,True,27-A
Male,71.54,Blue,3,3.21,0,1,True,27-A
Male,75.66,Yellow,1,2.73,0,4,True,27-A
Female,65.99,Yellow,1,2.95,0,2,True,27-A
Female,61.76,Grey,0,2.49,0,1,False,27-A
Male,65.22,Green,2,3.21,0,3,False,27-A
Male,67.15,Grey,0,3.45,0,28,False,27-A
Female,65.58,Brown,1,2.65,0,0,False,27-A
Male,69.71,Yellow,0,2.7,1,19,True,27-A
Female,62.05,Green,1,3.42,0,3,False,27-A
Female,64.25,Grey,0,3.73,0,8,False,27-A
Female,66.23,Green,2,2.44,0,1,True,27-B
Female,68.0,Brown,4,3.11,1,1,True,27-B
Male,70.49,Blue,2,3.22,0,12,False,27-B
Female,59.84,Green,2,3.14,0,1,True,27-B
Male,76.65,Brown,0,1.94,1,2,True,27-B
Female,66.38,Brown,6,3.45,0,0,False,27-B
Male,69.26,Green,6,3.96,0,0,True,27-B
Female,63.26,Brown,2,3.23,0,3,False,27-B
Male,68.3,Brown,0,2.63,0,5,False,27-B
Male,70.4,Brown,0,2.91,0,3,False,27-B
Female,59.37,Grey,0,4.0,0,0,False,27-B
Female,63.52,Green,3,3.64,0,1,False,27-B
Female,62.55,Brown,1,3.51,0,1,False,27-B
Female,62.56,Grey,1,3.36,1,2,True,27-B
Male,66.49,Green,0,2.75,0,12,False,27-B
Female,65.47,Brown,3,3.04,0,6,False,27-B
Male,66.22,Blue,6,3.16,0,0,True,27-B
Male,69.55,Blue,4,3.33,0,14,False,27-B
Female,72.36,Blue,4,3.94,0,1,True,27-B
Male,71.58,Grey,2,3.71,0,5,True,27-B
Male,68.43,Blue,0,2.49,0,0,False,27-C
Male,67.93,Brown,1,3.27,0,4,False,27-C
Male,68.46,Grey,0,3.57,0,0,False,27-C
Female,62.25,Brown,1,3.5,0,1,False,27-C
Female,62.56,Green,1,2.89,0,0,False,27-C
Female,65.08,Brown,0,4.0,0,0,False,27-C
Female,71.05,Brown,2,2.56,0,0,False,27-C
Male,68.2,Blue,2,2.66,0,0,False,27-C
Male,67.71,Brown,2,3.32,0,0,False,27-C
Female,63.81,Blue,2,4.0,0,4,False,27-C
Female,65.19,Brown,2,2.78,0,0,False,27-C
Female,64.79,Blue,0,3.04,1,3,False,27-C
Male,75.07,Blue,0,3.74,0,0,False,27-C
Female,56.72,Brown,1,2.92,0,27,False,27-C
Female,57.6,Yellow,3,2.8,0,23,True,27-C
Female,64.56,Brown,4,3.48,0,0,True,27-C
Male,70.28,Brown,2,3.31,0,3,False,27-C
Male,70.94,Green,6,3.72,0,0,True,27-C
Male,67.08,Blue,5,3.63,0,22,False,27-C
Male,70.46,Blue,1,3.33,0,2,False,27-C
Male,76.26,Brown,0,3.35,0,0,True,27-D
Male,68.43,Green,3,3.3,0,1,False,27-D
Male,71.16,Blue,0,3.44,0,0,False,27-D
Male,68.17,Brown,1,3.22,0,1,True,27-D
Female,64.33,Brown,0,3.16,1,4,False,27-D
Female,62.12,Green,0,3.79,0,1,False,27-D
Male,73.45,Blue,2,3.95,0,1,False,27-D
Male,70.07,Brown,0,2.45,0,0,False,27-D
Female,61.43,Brown,0,3.21,0,0,False,27-D
Male,69.0,Brown,1,2.86,0,0,False,27-D
Male,65.25,Blue,2,2.96,0,8,False,27-D
Male,70.81,Green,2,3.4,0,0,False,27-D
Female,68.28,Blue,1,3.5,0,3,True,27-D
Female,58.42,Blue,0,3.13,0,1,False,27-D
Female,64.14,Grey,0,2.24,0,0,False,27-D
Female,65.68,Blue,1,2.69,0,3,False,27-D
Female,69.57,Blue,3,3.64,0,1,False,27-D
Male,68.8,Brown,0,1.82,0,1,False,27-D
Female,64.97,Blue,0,3.76,0,3,False,27-D
Male,68.26,Blue,0,3.44,0,2,False,27-D
Male,70.64,Blue,0,3.85,1,1,True,28-A
Female,66.53,Grey,2,3.08,0,2,False,28-A
Female,66.06,Yellow,3,2.13,1,4,True,28-A
Male,68.46,Green,1,3.42,0,0,False,28-A
Male,67.05,Blue,2,3.83,0,1,False,28-A
Male,74.92,Blue,1,3.66,0,0,True,28-A
Female,69.61,Brown,0,2.87,0,0,False,28-A
Female,65.26,Brown,5,3.22,0,2,False,28-A
Female,64.83,Green,0,2.82,0,11,False,28-A
Female,64.03,Blue,2,2.66,0,13,False,28-A
Female,59.29,Green,1,3.68,1,0,False,28-A
Male,73.31,Brown,0,2.59,0,1,True,28-A
Female,62.17,Blue,0,2.72,0,3,False,28-A
Male,71.68,Blue,0,2.65,0,0,False,28-A
Male,65.37,Blue,3,2.39,0,6,False,28-A
Male,71.19,Green,2,3.22,1,5,False,28-A
Female,68.31,Grey,2,3.62,0,16,False,28-A
Female,62.96,Brown,0,3.11,0,0,False,28-A
Female,68.36,Brown,4,2.45,0,0,False,28-A
Male,73.36,Brown,0,3.53,0,9,True,28-A
Male,69.32,Blue,1,4.0,0,4,False,28-B
Male,70.75,Brown,0,2.73,0,15,False,28-B
Male,74.93,Green,0,2.96,0,0,False,28-B
Male,64.31,Blue,3,3.43,0,3,False,28-B
Male,73.85,Blue,0,3.99,0,2,False,28-B
Female,59.37,Green,0,2.94,0,0,False,28-B
Female,64.49,Blue,1,2.51,0,2,False,28-B
Female,70.59,Blue,0,3.49,0,3,False,28-B
Female,65.48,Brown,7,3.6,0,0,False,28-B
Male,71.76,Blue,2,3.2,0,0,False,28-B
Male,68.62,Blue,0,2.89,0,3,False,28-B
Female,66.57,Blue,0,3.69,0,1,True,28-B
Male,64.65,Grey,0,3.35,2,11,False,28-B
Female,60.73,Grey,0,2.81,0,1,False,28-B
Female,66.63,Yellow,3,3.22,0,0,True,28-B
Female,68.12,Blue,5,1.7,0,82,True,28-B
Male,71.66,Green,3,3.37,0,17,False,28-B
Female,68.27,Brown,1,3.07,0,0,False,28-B
Female,63.72,Brown,0,2.92,1,6,False,28-B
Female,63.29,Blue,3,3.18,0,0,True,28-B
Male,70.31,Brown,0,3.22,0,0,False,28-C
Male,70.21,Brown,4,3.65,0,0,False,28-C
Female,66.28,Blue,0,3.5,0,0,False,28-C
Male,65.79,Grey,0,3.04,0,8,False,28-C
Male,72.86,Brown,0,3.53,1,5,True,28-C
Male,72.58,Grey,0,2.7,0,70,False,28-C
Male,65.82,Brown,4,2.94,2,5,True,28-C
Male,72.56,Brown,0,3.13,2,1,True,28-C
Male,70.09,Blue,1,3.09,1,4,True,28-C
Male,68.76,Blue,2,1.65,0,180,False,28-C
Male,70.04,Brown,0,2.97,0,5,False,28-C
Male,67.54,Brown,3,2.94,0,6,False,28-C
Male,66.97,Blue,0,3.94,0,24,False,28-C
Female,60.76,Brown,0,3.67,0,0,False,28-C
Female,57.93,Green,0,2.78,0,4,False,28-C
Male,65.74,Blue,1,3.39,0,10,False,28-C
Female,62.2,Brown,5,2.94,0,32,False,28-C
Female,63.13,Yellow,4,3.4,0,0,True,28-C
Male,71.0,Brown,0,3.25,0,2,False,28-C
Male,72.54,Grey,5,3.75,0,4,True,28-C
Male,63.82,Green,0,3.37,0,0,False,28-D
Female,61.68,Yellow,5,3.14,0,3,True,28-D
Female,67.48,Blue,2,3.72,1,0,False,28-D
Male,68.69,Green,0,3.31,0,1,True,28-D
Male,69.43,Blue,0,3.25,0,1,True,28-D
Male,72.2,Green,4,3.34,1,2,True,28-D
Female,62.63,Blue,1,3.14,0,1,False,28-D
Female,64.56,Blue,0,3.18,0,2,False,28-D
Female,71.37,Yellow,1,2.91,1,0,True,28-D
Female,67.78,Brown,0,2.82,1,0,True,28-D
Male,74.22,Green,0,2.7,0,0,False,28-D
Male,74.79,Yellow,7,2.5,0,0,True,28-D
Male,69.26,Blue,2,2.73,0,3,False,28-D
Male,66.58,Blue,5,3.04,0,7,False,28-D
Female,69.14,Blue,4,3.25,0,0,True,28-D
Female,59.42,Grey,3,3.06,0,0,False,28-D
Male,71.91,Brown,6,1.96,0,6,True,28-D
Male,73.2,Blue,1,3.98,0,1,False,28-D
Female,62.99,Green,2,3.44,0,30,True,28-D
Male,64.49,Grey,3,3.37,0,5,False,28-D
Female,62.73,Green,3,4.0,0,1,False,29-A
Male,66.01,Blue,0,2.71,0,0,False,29-A
Male,67.85,Brown,0,4.0,0,2,False,29-A
Male,69.75,Brown,1,2.72,0,0,False,29-A
Male,74.99,Brown,2,3.32,0,0,False,29-A
Male,78.33,Green,2,2.56,0,0,False,29-A
Male,70.82,Green,0,3.15,0,6,False,29-A
Male,68.45,Green,4,3.37,0,2,False,29-A
Female,65.5,Green,1,3.12,0,0,True,29-A
Female,62.61,Blue,0,3.52,0,4,False,29-A
Female,64.13,Brown,0,3.24,0,1,False,29-A
Female,58.76,Brown,6,2.92,0,2,False,29-A
Female,65.48,Brown,1,2.92,0,0,False,29-A
Male,70.49,Green,0,3.59,0,2,False,29-A
Male,71.0,Brown,2,2.24,0,63,False,29-A
Female,67.02,Green,2,3.66,0,0,False,29-A
Male,74.8,Green,2,3.81,1,0,True,29-A
Female,69.24,Blue,4,2.37,0,0,True,29-A
Female,67.06,Brown,1,3.77,0,0,True,29-A
Male,65.7,Brown,0,4.0,0,1,False,29-A
Male,70.32,Brown,0,3.25,0,8,False,29-B
Male,71.34,Green,0,3.32,0,18,False,29-B
Female,67.66,Brown,4,3.72,0,0,False,29-B
Male,74.02,Green,4,3.04,0,2,False,29-B
Female,61.71,Green,1,3.26,0,3,False,29-B
Female,67.11,Brown,4,2.52,0,2,False,29-B
Female,64.07,Green,2,3.26,0,1,True,29-B
Male,67.84,Blue,0,3.45,0,0,False,29-B
Male,71.09,Green,1,3.44,0,2,False,29-B
Female,62.79,Brown,0,3.72,0,1,False,29-B
Male,68.12,Brown,0,2.74,0,7,False,29-B
Male,68.79,Brown,3,2.87,0,6,False,29-B
Male,64.45,Brown,1,4.0,0,0,False,29-B
Female,64.6,Green,2,3.12,0,0,False,29-B
Female,65.42,Green,3,3.13,0,17,False,29-B
Male,70.73,Grey,1,3.15,0,2,False,29-B
Female,59.02,Brown,0,2.68,0,11,False,29-B
Male,71.05,Brown,0,4.0,0,0,True,29-B
Male,69.02,Blue,1,2.92,1,2,False,29-B
Male,67.02,Brown,0,2.62,1,2,False,29-B
Male,71.1,Brown,1,2.86,0,11,False,29-C
Female,64.58,Blue,0,2.2,0,0,False,29-C
Female,71.89,Brown,7,2.87,2,0,True,29-C
Female,67.08,Blue,0,2.71,0,1,False,29-C
Male,62.54,Brown,0,3.4,0,11,False,29-C
Male,72.29,Blue,1,2.61,0,25,False,29-C
Male,67.56,Green,0,2.13,0,151,False,29-C
Female,59.25,Brown,1,3.55,0,35,False,29-C
Male,71.08,Grey,2,3.59,0,0,False,29-C
Female,62.32,Blue,3,3.09,0,0,False,29-C
Female,57.89,Grey,0,3.27,0,0,False,29-C
Female,64.14,Brown,0,2.43,0,1,False,29-C
Female,63.25,Blue,1,3.04,0,9,False,29-C
Female,58.98,Blue,2,2.63,0,14,False,29-C
Female,65.21,Green,5,3.55,0,0,False,29-C
Male,69.78,Blue,2,4.0,0,3,False,29-C
Male,71.09,Blue,2,3.26,0,19,True,29-C
Female,63.03,Grey,0,2.19,1,1,False,29-C
Female,65.77,Brown,0,3.02,0,0,False,29-C
Male,70.23,Brown,0,3.25,0,1,False,29-C
Female,64.92,Blue,2,3.23,0,1,False,29-D
Female,61.53,Blue,1,2.81,0,2,False,29-D
Male,66.3,Blue,0,3.31,0,1,True,29-D
Female,67.59,Blue,0,2.58,0,0,False,29-D
Female,62.21,Grey,2,0.97,0,176,False,29-D
Female,73.31,Grey,3,3.5,0,2,True,29-D
Male,67.39,Brown,2,2.67,0,2,False,29-D
Male,64.85,Brown,3,3.15,1,32,True,29-D
Male,65.65,Grey,4,2.52,0,0,False,29-D
Female,64.67,Green,1,4.0,0,0,False,29-D
Female,58.77,Grey,0,2.73,0,8,False,29-D
Male,67.36,Brown,0,3.09,0,0,False,29-D
Female,63.4,Grey,3,3.3,1,7,True,29-D
Female,64.41,Green,0,2.92,0,0,False,29-D
Female,69.02,Brown,2,3.27,0,0,True,29-D
Female,65.94,Blue,0,3.47,0,2,False,29-D
Female,56.89,Blue,0,3.68,1,0,False,29-D
Male,65.02,Blue,0,3.54,0,6,False,29-D
Female,64.89,Green,2,3.08,0,3,False,29-D
Male,69.78,Green,1,2.93,0,20,False,29-D
Female,64.47,Green,1,4.0,0,7,False,30-A
Male,66.13,Green,1,3.67,0,0,False,30-A
Female,62.0,Blue,1,2.67,0,7,False,30-A
Male,68.85,Brown,3,3.22,0,3,False,30-A
Female,62.18,Green,1,2.99,0,4,False,30-A
Male,66.72,Blue,0,3.04,0,9,False,30-A
Female,61.94,Brown,4,2.57,0,2,False,30-A
Male,66.23,Blue,1,2.98,0,1,False,30-A
Female,64.44,Brown,0,4.0,0,3,False,30-A
Male,72.11,Blue,0,3.49,0,0,False,30-A
Male,64.61,Blue,3,1.95,0,0,True,30-A
Female,68.58,Brown,2,3.78,0,3,True,30-A
Female,64.97,Grey,4,3.74,0,0,False,30-A
Male,67.05,Green,0,3.02,0,0,False,30-A
Female,66.52,Green,0,3.56,0,0,False,30-A
Male,64.65,Blue,2,2.74,0,3,False,30-A
Male,66.23,Green,2,2.95,0,1,False,30-A
Male,65.99,Green,1,3.89,0,6,False,30-A
Female,67.24,Blue,2,3.05,0,1,False,30-A
Male,70.61,Yellow,2,2.25,0,2,True,30-A
Male,66.83,Brown,1,3.16,0,1,False,30-B
Female,67.22,Grey,3,3.13,0,3,False,30-B
Female,61.36,Blue,2,3.79,0,1,False,30-B
Female,65.05,Blue,0,2.82,0,39,False,30-B
Female,63.62,Brown,3,2.75,1,24,False,30-B
Male,75.81,Blue,0,3.62,1,10,True,30-B
Male,65.1,Blue,5,3.07,0,19,False,30-B
Male,71.49,Grey,0,2.81,0,1,False,30-B
Male,71.43,Grey,0,3.76,0,2,False,30-B
Female,68.84,Yellow,2,3.25,0,5,True,30-B
Male,71.46,Brown,0,3.16,0,4,False,30-B
Male,73.61,Grey,3,3.15,0,14,False,30-B
Female,62.04,Blue,0,2.61,0,5,True,30-B
Male,66.25,Green,1,1.14,0,180,False,30-B
Male,72.05,Brown,0,3.19,0,1,False,30-B
Male,69.81,Blue,1,3.01,0,9,False,30-B
Male,70.65,Grey,0,3.8,0,4,False,30-B
Male,72.88,Yellow,2,3.27,0,4,True,30-B
Male,70.17,Blue,0,3.62,0,1,False,30-B
Female,57.34,Green,0,3.13,0,7,False,30-B
Female,68.11,Brown,1,3.58,0,15,False,30-C
Male,72.51,Green,2,3.4,0,0,False,30-C
Male,68.31,Blue,0,3.18,0,3,False,30-C
Female,66.84,Brown,0,3.18,0,1,False,30-C
Male,64.41,Brown,2,1.6,0,112,False,30-C
Male,72.92,Brown,2,3.43,0,2,True,30-C
Male,70.72,Green,2,3.18,0,0,False,30-C
Female,64.34,Brown,0,2.94,0,1,True,30-C
Male,72.37,Blue,0,3.71,0,4,False,30-C
Female,62.55,Brown,0,2.57,0,0,False,30-C
Male,70.69,Blue,0,2.96,0,3,False,30-C
Female,58.12,Green,2,3.49,1,22,True,30-C
Female,64.68,Blue,0,3.26,0,10,False,30-C
Male,68.48,Blue,2,3.18,1,0,False,30-C
Female,64.53,Blue,2,1.7,0,163,True,30-C
Male,67.89,Brown,1,3.25,0,4,False,30-C
Female,67.52,Green,1,2.44,0,0,False,30-C
Male,71.48,Brown,1,3.03,0,0,False,30-C
Male,67.69,Brown,0,4.0,1,0,False,30-C
Female,65.5,Green,2,2.78,0,9,False,30-C
Male,74.25,Brown,0,3.04,0,0,False,30-D
Male,75.2,Yellow,5,2.93,0,0,True,30-D
Female,67.08,Blue,2,3.1,0,6,True,30-D
Male,71.07,Green,0,2.88,0,3,False,30-D
Male,70.0,Brown,3,3.37,0,7,True,30-D
Female,63.39,Blue,1,3.25,2,5,True,30-D
Female,63.1,Blue,4,3.59,1,0,True,30-D
Male,68.3,Green,5,2.53,0,14,False,30-D
Male,66.65,Grey,0,3.03,0,0,False,30-D
Female,68.49,Blue,1,3.07,0,2,False,30-D
Female,64.5,Yellow,0,3.4,0,3,True,30-D
Male,66.5,Blue,1,2.8,0,0,False,30-D
Female,67.45,Grey,0,3.1,0,56,False,30-D
Male,66.85,Green,0,3.77,0,2,False,30-D
Male,72.41,Brown,0,2.71,0,0,True,30-D
Male,73.46,Green,2,2.71,0,24,False,30-D
Male,68.79,Blue,4,2.9,0,3,True,30-D
Male,69.72,Brown,1,4.0,0,4,False,30-D
Female,59.35,Brown,0,2.97,0,2,False,30-D
Female,65.99,Grey,4,3.95,0,9,False,30-D
Female,67.57,Grey,0,2.57,0,0,False,31-A
Female,71.03,Grey,0,2.71,0,0,True,31-A
Male,70.45,Grey,1,2.85,0,1,False,31-A
Male,65.29,Green,0,2.78,0,0,False,31-A
Male,71.61,Brown,2,3.03,0,4,False,31-A
Male,71.66,Brown,0,2.84,0,1,False,31-A
Female,66.55,Brown,2,2.79,0,0,False,31-A
Male,69.11,Brown,3,3.78,0,0,False,31-A
Male,71.05,Brown,0,3.76,1,5,False,31-A
Female,65.16,Blue,0,3.58,0,9,False,31-A
Female,64.97,Green,0,3.45,0,1,False,31-A
Female,67.85,Green,4,3.23,0,2,False,31-A
Female,67.88,Blue,0,2.95,0,0,False,31-A
Male,65.79,Yellow,1,2.69,0,3,True,31-A
Male,69.91,Blue,1,3.38,0,0,False,31-A
Female,65.54,Green,0,2.59,0,2,False,31-A
Male,68.31,Blue,1,2.67,0,3,False,31-A
Male,73.36,Brown,0,3.59,0,19,False,31-A
Male,64.98,Grey,5,4.0,0,1,False,31-A
Female,67.16,Brown,0,3.34,0,6,False,31-A
Male,67.18,Blue,0,3.72,0,3,False,31-B
Female,64.86,Brown,0,2.87,0,21,False,31-B
Male,74.98,Blue,4,2.52,0,1,False,31-B
Male,66.7,Grey,0,3.5,0,1,False,31-B
Male,69.82,Brown,6,3.34,0,14,True,31-B
Female,59.22,Green,2,3.24,1,0,False,31-B
Male,67.84,Brown,1,3.08,0,0,False,31-B
Female,62.27,Brown,0,3.68,0,0,False,31-B
Female,68.96,Brown,3,2.61,0,10,True,31-B
Female,64.0,Green,0,2.81,0,0,False,31-B
Male,68.96,Brown,3,2.59,0,11,False,31-B
Male,68.6,Blue,0,3.23,0,1,True,31-B
Male,67.52,Brown,0,2.66,0,0,False,31-B
Male,73.33,Brown,0,2.85,0,1,False,31-B
Female,66.57,Green,0,2.85,0,0,False,31-B
Female,69.03,Brown,2,3.04,0,3,False,31-B
Female,61.58,Brown,2,2.42,0,4,False,31-B
Male,70.87,Brown,5,3.22,1,2,True,31-B
Female,57.49,Blue,0,3.82,0,0,False,31-B
Male,70.02,Blue,3,3.23,0,4,False,31-B
Female,63.86,Brown,7,3.87,0,10,True,31-C
Male,71.9,Brown,0,3.82,0,5,False,31-C
Male,68.01,Blue,4,3.5,0,9,False,31-C
Female,65.24,Brown,0,3.24,0,0,False,31-C
Female,66.01,Yellow,0,3.07,0,14,True,31-C
Female,65.14,Green,0,3.57,0,1,False,31-C
Female,66.07,Blue,3,3.0,0,0,False,31-C
Male,72.73,Brown,0,2.16,0,10,False,31-C
Female,65.97,Green,0,3.19,0,26,False,31-C
Female,63.79,Green,2,2.59,0,4,False,31-C
Female,63.33,Green,2,2.72,0,0,True,31-C
Male,70.64,Green,2,3.2,0,0,False,31-C
Male,70.65,Green,1,3.14,0,1,False,31-C
Female,61.19,Blue,1,2.34,0,15,False,31-C
Male,68.62,Brown,0,3.28,0,0,False,31-C
Female,61.26,Green,1,3.59,2,9,False,31-C
Male,69.26,Brown,0,2.64,0,0,False,31-C
Male,64.53,Grey,5,3.76,0,8,True,31-C
Male,68.31,Green,0,2.23,0,19,False,31-C
Male,66.45,Green,3,4.0,0,1,False,31-C
Female,62.54,Blue,0,2.98,0,1,False,31-D
Female,67.22,Brown,1,3.2,0,7,False,31-D
Female,65.49,Brown,0,2.23,0,2,False,31-D
Male,68.06,Green,0,3.13,0,4,False,31-D
Female,67.54,Green,0,3.28,0,3,False,31-D
Female,69.69,Green,0,3.16,0,0,True,31-D
Female,59.84,Brown,0,2.82,0,10,False,31-D
Male,70.82,Grey,1,2.73,0,0,False,31-D
Male,77.3,Yellow,4,3.55,0,22,True,31-D
Male,65.61,Blue,0,3.22,0,0,False,31-D
Female,66.91,Green,1,3.92,0,5,True,31-D
Female,69.19,Grey,0,2.94,1,0,True,31-D
Female,68.39,Grey,3,2.97,0,1,True,31-D
Male,66.24,Grey,3,3.6,0,1,False,31-D
Male,67.75,Brown,3,2.33,0,6,False,31-D
Female,64.62,Green,4,2.57,1,2,True,31-D
Male,71.93,Blue,2,3.62,0,13,False,31-D
Male,74.22,Yellow,6,2.6,0,1,True,31-D
Male,65.26,Green,1,2.25,0,4,False,31-D
Male,69.16,Grey,2,4.0,0,6,False,31-D
Female,60.88,Blue,0,2.5,0,0,False,32-A
Male,66.01,Yellow,0,3.28,1,1,True,32-A
Male,68.35,Blue,0,3.21,0,2,False,32-A
Male,70.11,Blue,2,1.78,0,1,True,32-A
Male,76.28,Brown,1,3.06,0,1,False,32-A
Female,65.75,Green,4,3.38,0,4,False,32-A
Female,65.03,Yellow,2,3.38,1,0,True,32-A
Male,69.02,Brown,5,3.6,0,5,True,32-A
Male,72.06,Brown,0,2.78,0,23,False,32-A
Male,75.27,Green,0,3.54,0,2,False,32-A
Male,64.24,Blue,0,2.83,0,3,False,32-A
Male,66.06,Yellow,1,2.49,0,0,True,32-A
Male,74.61,Brown,2,2.44,0,11,False,32-A
Female,61.1,Brown,1,2.47,0,0,False,32-A
Male,66.4,Blue,2,3.67,0,3,False,32-A
Female,64.52,Brown,3,1.81,0,63,True,32-A
Female,60.98,Brown,0,3.31,0,3,False,32-A
Male,69.01,Brown,5,3.02,0,5,False,32-A
Female,62.39,Brown,0,3.14,0,1,False,32-A
Female,65.97,Brown,3,3.88,0,0,False,32-A
Female,60.79,Grey,0,2.91,0,7,False,32-B
Female,69.16,Brown,2,3.51,0,0,False,32-B
Female,61.31,Blue,2,3.18,0,4,False,32-B
Female,67.51,Yellow,3,3.12,0,0,True,32-B
Male,68.42,Green,0,4.0,0,11,True,32-B
Female,62.29,Blue,1,2.48,0,0,False,32-B
Female,66.56,Green,3,3.82,1,2,False,32-B
Female,60.31,Green,2,3.5,0,3,False,32-B
Male,71.58,Green,1,2.95,0,1,False,32-B
Female,64.04,Blue,0,4.0,2,1,False,32-B
Male,69.11,Green,0,2.27,0,1,False,32-B
Female,64.56,Blue,3,2.93,0,1,True,32-B
Male,68.1,Brown,1,2.59,2,1,False,32-B
Male,68.85,Green,3,3.4,0,1,False,32-B
Female,61.75,Blue,0,2.62,0,2,False,32-B
Female,63.34,Grey,1,3.42,0,0,False,32-B
Male,73.39,Brown,1,2.07,0,104,False,32-B
Female,69.46,Brown,0,2.94,0,2,False,32-B
Male,72.09,Yellow,0,3.39,1,0,True,32-B
Male,74.28,Brown,1,3.05,0,2,False,32-B
Male,72.09,Yellow,3,2.54,0,12,True,32-C
Male,72.41,Yellow,1,4.0,1,0,True,32-C
Male,70.83,Yellow,0,2.92,0,4,True,32-C
Female,66.35,Blue,2,2.07,2,2,False,32-C
Male,72.29,Blue,0,2.78,0,0,False,32-C
Male,67.12,Green,2,2.49,0,8,False,32-C
Female,67.06,Green,4,3.6,0,1,False,32-C
Male,68.39,Blue,0,3.36,0,0,False,32-C
Female,62.62,Grey,0,3.31,0,9,False,32-C
Female,63.02,Green,2,2.98,0,3,True,32-C
Female,62.16,Grey,3,2.91,0,15,False,32-C
Male,69.16,Brown,0,2.98,0,3,True,32-C
Male,68.87,Brown,4,3.11,0,5,False,32-C
Male,69.17,Blue,1,3.53,1,9,False,32-C
Female,63.98,Brown,0,3.37,0,0,False,32-C
Male,62.26,Green,0,3.39,0,6,False,32-C
Female,63.17,Brown,0,3.42,0,3,False,32-C
Male,71.45,Yellow,4,3.64,0,0,True,32-C
Female,65.27,Brown,0,3.32,0,2,False,32-C
Male,70.51,Blue,3,3.38,0,0,True,32-C
Male,63.37,Brown,0,3.74,0,5,False,32-D
Male,70.86,Blue,0,2.85,0,2,False,32-D
Female,71.48,Brown,7,2.46,0,31,True,32-D
Female,67.94,Brown,1,2.61,0,0,False,32-D
Male,67.13,Green,2,3.26,0,3,False,32-D
Male,69.72,Brown,5,2.27,0,0,True,32-D
Female,64.68,Brown,0,3.4,1,3,True,32-D
Female,67.68,Grey,6,3.1,1,5,True,32-D
Female,66.06,Brown,0,3.72,0,5,False,32-D
Male,72.82,Blue,0,2.78,0,8,False,32-D
Female,64.2,Brown,0,3.0,0,10,False,32-D
Male,65.59,Brown,2,3.76,0,0,False,32-D
Female,68.33,Blue,1,3.88,0,1,False,32-D
Male,68.98,Brown,0,2.82,0,4,False,32-D
Female,64.17,Green,0,3.27,0,2,False,32-D
Female,63.07,Grey,0,3.35,0,0,False,32-D
Female,67.44,Brown,0,3.37,0,2,False,32-D
Female,55.49,Grey,2,3.06,0,1,False,32-D
Female,63.95,Brown,2,3.83,0,1,False,32-D
Male,75.37,Brown,5,2.18,0,8,True,32-D
Female,62.64,Brown,0,2.98,0,1,False,33-A
Female,69.18,Blue,2,3.42,0,0,False,33-A
Female,61.34,Blue,0,3.43,0,0,False,33-A
Male,73.23,Brown,3,3.77,0,11,False,33-A
Female,65.07,Green,3,3.44,0,36,False,33-A
Male,66.42,Green,1,3.02,0,4,False,33-A
Female,62.0,Brown,0,3.84,0,1,False,33-A
Female,61.8,Green,2,2.6,0,24,False,33-A
Male,67.67,Grey,2,3.63,0,4,False,33-A
Female,65.28,Brown,0,4.0,0,10,False,33-A
Male,69.89,Brown,0,3.75,0,6,False,33-A
Male,70.39,Blue,0,3.24,0,1,False,33-A
Female,65.16,Blue,4,3.01,0,2,False,33-A
Male,69.93,Blue,3,2.44,0,0,False,33-A
Female,61.96,Brown,0,3.36,0,0,False,33-A
Female,57.18,Green,0,2.57,0,7,True,33-A
Male,71.88,Green,5,2.65,1,15,True,33-A
Male,73.29,Green,0,2.55,0,5,True,33-A
Male,65.9,Brown,2,2.96,0,1,False,33-A
Male,70.19,Blue,0,3.19,0,0,False,33-A
Female,66.44,Brown,4,3.34,0,0,False,33-B
Female,64.39,Blue,0,2.89,0,1,False,33-B
Male,68.15,Yellow,5,3.72,0,1,True,33-B
Female,69.95,Blue,3,3.07,0,3,True,33-B
Female,65.91,Brown,1,2.81,0,0,False,33-B
Female,71.87,Blue,0,2.18,1,113,True,33-B
Female,59.82,Green,0,4.0,0,1,False,33-B
Male,64.78,Green,0,3.27,0,10,False,33-B
Male,69.05,Blue,1,3.0,0,2,False,33-B
Female,63.31,Brown,0,2.44,0,0,False,33-B
Male,66.28,Blue,0,3.02,0,7,False,33-B
Male,75.51,Green,3,3.27,2,5,True,33-B
Male,72.28,Yellow,3,2.99,0,2,True,33-B
Female,65.87,Blue,0,2.35,0,2,False,33-B
Female,66.11,Blue,2,2.77,0,0,False,33-B
Female,70.46,Blue,0,3.89,0,4,False,33-B
Male,65.72,Brown,0,3.75,0,17,False,33-B
Female,61.18,Green,4,2.76,0,0,False,33-B
Female,64.74,Blue,1,3.54,0,0,False,33-B
Male,70.66,Grey,1,2.45,0,16,False,33-B
Female,70.98,Blue,7,3.9,1,0,True,33-C
Female,63.15,Brown,0,3.28,0,4,False,33-C
Male,70.79,Blue,2,3.65,0,2,False,33-C
Male,66.15,Brown,4,2.31,0,3,False,33-C
Male,70.39,Brown,0,3.53,0,1,False,33-C
Female,63.53,Brown,2,3.2,0,0,False,33-C
Female,62.07,Green,0,3.63,0,0,False,33-C
Female,69.0,Blue,0,3.61,0,5,False,33-C
Male,72.97,Brown,3,3.18,0,5,True,33-C
Male,70.88,Blue,2,2.86,0,4,False,33-C
Female,65.96,Blue,3,3.56,0,3,False,33-C
Female,59.11,Grey,4,3.17,0,0,False,33-C
Male,69.78,Blue,0,2.76,0,0,False,33-C
Male,67.38,Green,3,2.66,0,8,False,33-C
Male,65.97,Brown,0,2.44,0,2,False,33-C
Male,63.11,Green,2,2.93,0,1,False,33-C
Female,66.08,Green,1,3.75,0,0,False,33-C
Male,64.31,Grey,1,3.29,0,0,False,33-C
Female,66.58,Brown,1,2.93,0,1,False,33-C
Female,64.75,Blue,0,3.52,0,8,False,33-C
Female,65.27,Green,0,2.59,1,19,True,33-D
Male,68.09,Brown,1,3.1,0,15,False,33-D
Male,68.01,Blue,0,2.92,0,19,False,33-D
Male,71.2,Grey,2,3.42,0,17,False,33-D
Male,70.01,Blue,2,2.39,0,2,False,33-D
Female,66.0,Grey,1,2.77,0,0,False,33-D
Male,70.41,Brown,0,2.31,2,7,False,33-D
Male,64.39,Green,3,3.07,0,0,False,33-D
Female,59.67,Blue,5,3.81,0,0,False,33-D
Male,70.84,Blue,1,2.95,0,0,False,33-D
Female,63.75,Grey,2,2.92,1,2,False,33-D
Female,64.73,Brown,1,3.63,1,1,False,33-D
Female,66.85,Green,2,3.73,0,0,False,33-D
Female,65.58,Blue,0,3.15,0,1,False,33-D
Female,65.81,Brown,2,3.42,0,12,True,33-D
Female,63.41,Grey,2,2.64,1,2,False,33-D
Female,65.53,Blue,5,3.76,0,13,False,33-D
Female,67.82,Green,0,4.0,0,0,False,33-D
Male,72.42,Blue,2,3.46,0,0,True,33-D
Male,72.99,Green,0,2.14,0,2,False,33-D
Male,72.88,Green,5,2.91,1,1,True,34-A
Male,72.27,Brown,0,3.47,0,4,False,34-A
Female,66.0,Blue,0,2.92,0,7,False,34-A
Male,72.07,Brown,2,3.78,0,6,False,34-A
Female,65.73,Blue,4,3.23,0,26,False,34-A
Male,72.14,Brown,2,2.84,0,1,False,34-A
Male,69.43,Brown,1,3.22,0,0,False,34-A
Male,69.07,Brown,1,2.73,0,2,False,34-A
Female,69.72,Blue,5,3.11,0,0,True,34-A
Male,73.69,Blue,0,2.92,0,0,False,34-A
Female,62.17,Blue,0,3.79,1,0,False,34-A
Female,65.78,Brown,0,4.0,0,1,False,34-A
Male,70.5,Blue,0,2.48,0,0,False,34-A
Male,64.8,Green,0,2.24,0,0,False,34-A
Male,70.1,Brown,3,3.04,0,4,False,34-A
Female,63.89,Green,2,2.41,0,3,False,34-A
Male,70.88,Blue,2,3.17,0,5,False,34-A
Female,67.55,Green,1,3.53,0,4,False,34-A
Female,66.17,Brown,2,3.95,0,0,False,34-A
Male,69.37,Brown,0,3.3,0,0,False,34-A
Male,74.86,Green,0,3.1,0,0,False,34-B
Female,65.55,Green,1,2.11,0,10,False,34-B
Female,66.37,Brown,3,3.15,0,6,True,34-B
Female,63.09,Brown,1,3.24,0,0,False,34-B
Male,74.89,Blue,0,3.51,0,1,False,34-B
Female,54.49,Blue,0,2.43,0,42,False,34-B
Male,72.03,Green,7,2.95,0,3,False,34-B
Female,62.53,Brown,2,2.39,0,7,False,34-B
Female,68.78,Blue,1,2.05,0,0,False,34-B
Male,67.54,Brown,0,2.65,0,0,False,34-B
Female,60.43,Brown,0,2.34,0,7,False,34-B
Male,74.06,Brown,0,3.33,0,4,False,34-B
Male,70.69,Green,1,2.9,0,4,False,34-B
Female,65.42,Blue,0,2.91,0,2,False,34-B
Male,77.39,Yellow,0,2.69,0,2,True,34-B
Male,67.41,Brown,0,1.53,0,5,False,34-B
Female,64.15,Brown,3,3.95,1,0,True,34-B
Male,70.03,Brown,0,2.69,0,1,False,34-B
Male,73.66,Brown,3,2.87,0,12,False,34-B
Male,71.56,Green,0,2.46,0,1,False,34-B
Female,65.56,Brown,0,3.67,0,2,False,34-C
Male,70.39,Brown,4,3.23,0,4,False,34-C
Female,64.0,Brown,1,0.99,0,180,False,34-C
Female,66.62,Brown,4,2.99,0,1,True,34-C
Male,63.03,Grey,6,4.0,0,1,True,34-C
Male,68.11,Blue,0,3.06,0,10,False,34-C
Male,69.72,Green,0,3.03,0,8,False,34-C
Female,60.74,Blue,0,2.68,0,5,False,34-C
Male,70.16,Brown,0,2.24,0,1,False,34-C
Male,68.39,Brown,0,3.11,0,1,False,34-C
Male,76.83,Grey,4,3.33,0,3,True,34-C
Male,73.72,Green,2,3.63,0,12,False,34-C
Male,69.59,Blue,4,1.95,1,13,True,34-C
Female,62.78,Brown,0,2.64,0,0,False,34-C
Female,62.4,Brown,0,2.9,0,1,False,34-C
Male,67.65,Brown,3,3.19,0,1,False,34-C
Male,69.59,Brown,0,2.54,0,59,False,34-C
Male,66.73,Brown,1,3.1,0,4,False,34-C
Male,68.76,Blue,3,3.39,0,1,True,34-C
Female,66.17,Brown,3,2.75,0,0,False,34-C
Male,70.89,Brown,2,3.65,0,2,False,34-D
Female,68.03,Yellow,0,3.42,0,0,True,34-D
Female,66.02,Blue,0,2.95,0,9,False,34-D
Male,67.11,Grey,2,3.94,0,6,False,34-D
Female,61.02,Brown,0,3.97,0,1,False,34-D
Female,64.75,Blue,0,3.66,0,1,False,34-D
Female,60.45,Brown,3,1.54,0,15,False,34-D
Female,63.24,Blue,1,3.99,0,0,False,34-D
Male,67.45,Brown,1,3.6,0,0,False,34-D
Male,68.41,Brown,2,3.95,0,25,False,34-D
Female,66.15,Yellow,2,3.74,0,8,True,34-D
Male,66.76,Blue,4,3.91,0,8,False,34-D
Male,68.47,Grey,0,3.64,0,0,False,34-D
Male,64.35,Brown,2,3.87,0,0,False,34-D
Male,67.53,Brown,3,4.0,0,0,False,34-D
Male,68.15,Blue,0,3.31,0,0,False,34-D
Female,63.93,Green,0,2.35,0,6,False,34-D
Male,68.28,Blue,3,3.05,0,0,False,34-D
Male,68.81,Grey,3,3.34,0,5,False,34-D
Male,70.44,Brown,0,3.24,0,0,False,34-D
